[
null,
{"id":1,"battlerName":"Actor1_1","characterIndex":0,"characterName":"MC1","classId":1,"equips":[0],"faceIndex":0,"faceName":"MC","traits":[{"code":43,"dataId":309,"value":1},{"code":43,"dataId":301,"value":1},{"code":43,"dataId":304,"value":1}],"initialLevel":1,"maxLevel":3,"name":"Jon","nickname":"","note":"","profile":""},
{"id":2,"battlerName":"","characterIndex":0,"characterName":"","classId":1,"equips":[],"faceIndex":0,"faceName":"Leslie","traits":[],"initialLevel":1,"maxLevel":99,"name":"Leslie","nickname":"","note":"","profile":""},
{"id":3,"battlerName":"","characterIndex":0,"characterName":"","classId":1,"equips":[],"faceIndex":1,"faceName":"Cassie","traits":[],"initialLevel":1,"maxLevel":99,"name":"Cassie","nickname":"","note":"","profile":""}
]