[
null,
{"id":1,"list":[{"code":111,"indent":0,"parameters":[1,84,0,3,1]},{"code":122,"indent":1,"parameters":[81,81,1,0,1]},{"code":122,"indent":1,"parameters":[84,84,0,0,0]},{"code":0,"indent":1,"parameters":[]},{"code":412,"indent":0,"parameters":[]},{"code":111,"indent":0,"parameters":[1,81,0,24,1]},{"code":122,"indent":1,"parameters":[81,81,0,0,0]},{"code":122,"indent":1,"parameters":[89,89,1,0,1]},{"code":122,"indent":1,"parameters":[83,83,1,0,1]},{"code":122,"indent":1,"parameters":[26,26,0,0,1]},{"code":122,"indent":1,"parameters":[28,28,0,0,1]},{"code":122,"indent":1,"parameters":[29,29,0,0,1]},{"code":122,"indent":1,"parameters":[201,201,0,2,1,3]},{"code":0,"indent":1,"parameters":[]},{"code":412,"indent":0,"parameters":[]},{"code":111,"indent":0,"parameters":[1,83,0,7,3]},{"code":122,"indent":1,"parameters":[83,83,0,0,1]},{"code":0,"indent":1,"parameters":[]},{"code":412,"indent":0,"parameters":[]},{"code":117,"indent":0,"parameters":[3]},{"code":117,"indent":0,"parameters":[8]},{"code":0,"indent":0,"parameters":[]}],"name":"Advance Time","switchId":20,"trigger":2},
{"id":2,"list":[{"code":108,"indent":0,"parameters":["/////////PICTURES//////"]},{"code":408,"indent":0,"parameters":[":8 = Morning"]},{"code":408,"indent":0,"parameters":[":9 = Day"]},{"code":408,"indent":0,"parameters":[":10 = Evening"]},{"code":408,"indent":0,"parameters":[":11 = Night"]},{"code":231,"indent":0,"parameters":[8,"UI/Time_Morning_UI",1,0,540,72,100,100,255,0]},{"code":231,"indent":0,"parameters":[8,"UI/Time_Day_UI",1,0,540,72,100,100,255,0]},{"code":231,"indent":0,"parameters":[8,"UI/Time_Evening_UI",1,0,540,72,100,100,255,0]},{"code":231,"indent":0,"parameters":[8,"UI/Time_Night_UI",1,0,540,72,100,100,255,0]},{"code":0,"indent":0,"parameters":[]}],"name":"TIME UI","switchId":1,"trigger":0},
{"id":3,"list":[{"code":111,"indent":0,"parameters":[0,20,1]},{"code":122,"indent":1,"parameters":[85,85,0,0,4]},{"code":0,"indent":1,"parameters":[]},{"code":412,"indent":0,"parameters":[]},{"code":111,"indent":0,"parameters":[1,81,0,0,0]},{"code":122,"indent":1,"parameters":[85,85,0,0,2]},{"code":0,"indent":1,"parameters":[]},{"code":411,"indent":0,"parameters":[]},{"code":0,"indent":1,"parameters":[]},{"code":412,"indent":0,"parameters":[]},{"code":111,"indent":0,"parameters":[1,81,0,1,0]},{"code":122,"indent":1,"parameters":[85,85,0,0,2]},{"code":0,"indent":1,"parameters":[]},{"code":411,"indent":0,"parameters":[]},{"code":0,"indent":1,"parameters":[]},{"code":412,"indent":0,"parameters":[]},{"code":111,"indent":0,"parameters":[1,81,0,2,0]},{"code":122,"indent":1,"parameters":[85,85,0,0,2]},{"code":0,"indent":1,"parameters":[]},{"code":411,"indent":0,"parameters":[]},{"code":0,"indent":1,"parameters":[]},{"code":412,"indent":0,"parameters":[]},{"code":111,"indent":0,"parameters":[1,81,0,3,0]},{"code":122,"indent":1,"parameters":[85,85,0,0,2]},{"code":0,"indent":1,"parameters":[]},{"code":411,"indent":0,"parameters":[]},{"code":0,"indent":1,"parameters":[]},{"code":412,"indent":0,"parameters":[]},{"code":111,"indent":0,"parameters":[1,81,0,4,0]},{"code":122,"indent":1,"parameters":[85,85,0,0,0]},{"code":0,"indent":1,"parameters":[]},{"code":411,"indent":0,"parameters":[]},{"code":0,"indent":1,"parameters":[]},{"code":412,"indent":0,"parameters":[]},{"code":111,"indent":0,"parameters":[1,81,0,5,0]},{"code":122,"indent":1,"parameters":[85,85,0,0,0]},{"code":0,"indent":1,"parameters":[]},{"code":411,"indent":0,"parameters":[]},{"code":0,"indent":1,"parameters":[]},{"code":412,"indent":0,"parameters":[]},{"code":111,"indent":0,"parameters":[1,81,0,6,0]},{"code":122,"indent":1,"parameters":[85,85,0,0,0]},{"code":0,"indent":1,"parameters":[]},{"code":411,"indent":0,"parameters":[]},{"code":0,"indent":1,"parameters":[]},{"code":412,"indent":0,"parameters":[]},{"code":111,"indent":0,"parameters":[1,81,0,7,0]},{"code":122,"indent":1,"parameters":[85,85,0,0,0]},{"code":0,"indent":1,"parameters":[]},{"code":411,"indent":0,"parameters":[]},{"code":0,"indent":1,"parameters":[]},{"code":412,"indent":0,"parameters":[]},{"code":111,"indent":0,"parameters":[1,81,0,8,0]},{"code":122,"indent":1,"parameters":[85,85,0,0,1]},{"code":0,"indent":1,"parameters":[]},{"code":411,"indent":0,"parameters":[]},{"code":0,"indent":1,"parameters":[]},{"code":412,"indent":0,"parameters":[]},{"code":111,"indent":0,"parameters":[1,81,0,9,0]},{"code":122,"indent":1,"parameters":[85,85,0,0,1]},{"code":0,"indent":1,"parameters":[]},{"code":411,"indent":0,"parameters":[]},{"code":0,"indent":1,"parameters":[]},{"code":412,"indent":0,"parameters":[]},{"code":111,"indent":0,"parameters":[1,81,0,10,0]},{"code":122,"indent":1,"parameters":[85,85,0,0,1]},{"code":0,"indent":1,"parameters":[]},{"code":411,"indent":0,"parameters":[]},{"code":0,"indent":1,"parameters":[]},{"code":412,"indent":0,"parameters":[]},{"code":111,"indent":0,"parameters":[1,81,0,11,0]},{"code":122,"indent":1,"parameters":[85,85,0,0,1]},{"code":0,"indent":1,"parameters":[]},{"code":411,"indent":0,"parameters":[]},{"code":0,"indent":1,"parameters":[]},{"code":412,"indent":0,"parameters":[]},{"code":111,"indent":0,"parameters":[1,81,0,12,0]},{"code":122,"indent":1,"parameters":[85,85,0,0,1]},{"code":0,"indent":1,"parameters":[]},{"code":411,"indent":0,"parameters":[]},{"code":0,"indent":1,"parameters":[]},{"code":412,"indent":0,"parameters":[]},{"code":111,"indent":0,"parameters":[1,81,0,13,0]},{"code":122,"indent":1,"parameters":[85,85,0,0,1]},{"code":0,"indent":1,"parameters":[]},{"code":411,"indent":0,"parameters":[]},{"code":0,"indent":1,"parameters":[]},{"code":412,"indent":0,"parameters":[]},{"code":111,"indent":0,"parameters":[1,81,0,14,0]},{"code":122,"indent":1,"parameters":[85,85,0,0,1]},{"code":0,"indent":1,"parameters":[]},{"code":411,"indent":0,"parameters":[]},{"code":0,"indent":1,"parameters":[]},{"code":412,"indent":0,"parameters":[]},{"code":111,"indent":0,"parameters":[1,81,0,15,0]},{"code":122,"indent":1,"parameters":[85,85,0,0,1]},{"code":0,"indent":1,"parameters":[]},{"code":411,"indent":0,"parameters":[]},{"code":0,"indent":1,"parameters":[]},{"code":412,"indent":0,"parameters":[]},{"code":111,"indent":0,"parameters":[1,81,0,16,0]},{"code":122,"indent":1,"parameters":[85,85,0,0,1]},{"code":0,"indent":1,"parameters":[]},{"code":411,"indent":0,"parameters":[]},{"code":0,"indent":1,"parameters":[]},{"code":412,"indent":0,"parameters":[]},{"code":111,"indent":0,"parameters":[1,81,0,17,0]},{"code":122,"indent":1,"parameters":[85,85,0,0,3]},{"code":0,"indent":1,"parameters":[]},{"code":411,"indent":0,"parameters":[]},{"code":0,"indent":1,"parameters":[]},{"code":412,"indent":0,"parameters":[]},{"code":111,"indent":0,"parameters":[1,81,0,18,0]},{"code":122,"indent":1,"parameters":[85,85,0,0,3]},{"code":0,"indent":1,"parameters":[]},{"code":411,"indent":0,"parameters":[]},{"code":0,"indent":1,"parameters":[]},{"code":412,"indent":0,"parameters":[]},{"code":111,"indent":0,"parameters":[1,81,0,19,0]},{"code":122,"indent":1,"parameters":[85,85,0,0,3]},{"code":0,"indent":1,"parameters":[]},{"code":411,"indent":0,"parameters":[]},{"code":0,"indent":1,"parameters":[]},{"code":412,"indent":0,"parameters":[]},{"code":111,"indent":0,"parameters":[1,81,0,20,0]},{"code":122,"indent":1,"parameters":[85,85,0,0,2]},{"code":0,"indent":1,"parameters":[]},{"code":411,"indent":0,"parameters":[]},{"code":0,"indent":1,"parameters":[]},{"code":412,"indent":0,"parameters":[]},{"code":111,"indent":0,"parameters":[1,81,0,21,0]},{"code":122,"indent":1,"parameters":[85,85,0,0,2]},{"code":0,"indent":1,"parameters":[]},{"code":411,"indent":0,"parameters":[]},{"code":0,"indent":1,"parameters":[]},{"code":412,"indent":0,"parameters":[]},{"code":111,"indent":0,"parameters":[1,81,0,22,0]},{"code":122,"indent":1,"parameters":[85,85,0,0,2]},{"code":0,"indent":1,"parameters":[]},{"code":411,"indent":0,"parameters":[]},{"code":0,"indent":1,"parameters":[]},{"code":412,"indent":0,"parameters":[]},{"code":111,"indent":0,"parameters":[1,81,0,23,0]},{"code":122,"indent":1,"parameters":[85,85,0,0,2]},{"code":0,"indent":1,"parameters":[]},{"code":411,"indent":0,"parameters":[]},{"code":0,"indent":1,"parameters":[]},{"code":412,"indent":0,"parameters":[]},{"code":0,"indent":0,"parameters":[]}],"name":"TIME UI DISPLAY","switchId":26,"trigger":0},
{"id":4,"list":[{"code":303,"indent":0,"parameters":[1,10]},{"code":0,"indent":0,"parameters":[]}],"name":"Name Change","switchId":1,"trigger":0},
{"id":5,"list":[{"code":221,"indent":0,"parameters":[]},{"code":121,"indent":0,"parameters":[23,23,1]},{"code":121,"indent":0,"parameters":[25,25,1]},{"code":121,"indent":0,"parameters":[473,473,1]},{"code":121,"indent":0,"parameters":[26,26,0]},{"code":121,"indent":0,"parameters":[20,20,0]},{"code":357,"indent":0,"parameters":["VisuMZ_2_ExtMessageFunc","MsgButtonConsole","Message Button Console: Show/Hide",{"Visible:eval":"true"}]},{"code":657,"indent":0,"parameters":["Visible? = true"]},{"code":201,"indent":0,"parameters":[1,88,86,87,2,0]},{"code":211,"indent":0,"parameters":[1]},{"code":222,"indent":0,"parameters":[]},{"code":0,"indent":0,"parameters":[]}],"name":"Teleport Exit","switchId":1,"trigger":0},
{"id":6,"list":[{"code":111,"indent":0,"parameters":[1,81,0,9,2]},{"code":121,"indent":1,"parameters":[17,17,0]},{"code":0,"indent":1,"parameters":[]},{"code":411,"indent":0,"parameters":[]},{"code":121,"indent":1,"parameters":[17,17,1]},{"code":0,"indent":1,"parameters":[]},{"code":412,"indent":0,"parameters":[]},{"code":111,"indent":0,"parameters":[1,81,0,6,2]},{"code":121,"indent":1,"parameters":[17,17,1]},{"code":0,"indent":1,"parameters":[]},{"code":412,"indent":0,"parameters":[]},{"code":111,"indent":0,"parameters":[1,81,0,18,1]},{"code":121,"indent":1,"parameters":[16,16,0]},{"code":0,"indent":1,"parameters":[]},{"code":411,"indent":0,"parameters":[]},{"code":121,"indent":1,"parameters":[16,16,1]},{"code":0,"indent":1,"parameters":[]},{"code":412,"indent":0,"parameters":[]},{"code":111,"indent":0,"parameters":[1,81,0,17,2]},{"code":121,"indent":1,"parameters":[16,16,1]},{"code":0,"indent":1,"parameters":[]},{"code":412,"indent":0,"parameters":[]},{"code":111,"indent":0,"parameters":[1,81,0,17,1]},{"code":121,"indent":1,"parameters":[18,18,0]},{"code":0,"indent":1,"parameters":[]},{"code":411,"indent":0,"parameters":[]},{"code":121,"indent":1,"parameters":[18,18,1]},{"code":0,"indent":1,"parameters":[]},{"code":412,"indent":0,"parameters":[]},{"code":111,"indent":0,"parameters":[1,81,0,17,2]},{"code":121,"indent":1,"parameters":[18,18,1]},{"code":0,"indent":1,"parameters":[]},{"code":412,"indent":0,"parameters":[]},{"code":111,"indent":0,"parameters":[1,81,0,20,3]},{"code":121,"indent":1,"parameters":[34,34,1]},{"code":0,"indent":1,"parameters":[]},{"code":411,"indent":0,"parameters":[]},{"code":121,"indent":1,"parameters":[34,34,0]},{"code":0,"indent":1,"parameters":[]},{"code":412,"indent":0,"parameters":[]},{"code":111,"indent":0,"parameters":[1,81,0,10,4]},{"code":121,"indent":1,"parameters":[34,34,1]},{"code":0,"indent":1,"parameters":[]},{"code":412,"indent":0,"parameters":[]},{"code":111,"indent":0,"parameters":[0,81,0]},{"code":111,"indent":1,"parameters":[1,83,0,2,1]},{"code":111,"indent":2,"parameters":[1,81,0,8,1]},{"code":121,"indent":3,"parameters":[84,84,0]},{"code":0,"indent":3,"parameters":[]},{"code":412,"indent":2,"parameters":[]},{"code":111,"indent":2,"parameters":[1,83,0,7,0]},{"code":121,"indent":3,"parameters":[84,84,1]},{"code":0,"indent":3,"parameters":[]},{"code":412,"indent":2,"parameters":[]},{"code":0,"indent":2,"parameters":[]},{"code":412,"indent":1,"parameters":[]},{"code":0,"indent":1,"parameters":[]},{"code":412,"indent":0,"parameters":[]},{"code":0,"indent":0,"parameters":[]}],"name":"House Events","switchId":36,"trigger":2},
{"id":7,"list":[{"code":111,"indent":0,"parameters":[0,8,0]},{"code":231,"indent":1,"parameters":[1,"UI/MCinBed_v4",0,0,0,0,100,100,255,0]},{"code":0,"indent":1,"parameters":[]},{"code":411,"indent":0,"parameters":[]},{"code":235,"indent":1,"parameters":[1]},{"code":115,"indent":1,"parameters":[]},{"code":0,"indent":1,"parameters":[]},{"code":412,"indent":0,"parameters":[]},{"code":0,"indent":0,"parameters":[]}],"name":"Sleeping Image","switchId":8,"trigger":2},
{"id":8,"list":[{"code":108,"indent":0,"parameters":["////Type of Maps"]},{"code":408,"indent":0,"parameters":["0 = Morning"]},{"code":408,"indent":0,"parameters":["1 = Day"]},{"code":408,"indent":0,"parameters":["2 = Night"]},{"code":408,"indent":0,"parameters":["3 = Evening"]},{"code":111,"indent":0,"parameters":[0,20,1]},{"code":122,"indent":1,"parameters":[85,85,0,0,1]},{"code":0,"indent":1,"parameters":[]},{"code":412,"indent":0,"parameters":[]},{"code":111,"indent":0,"parameters":[1,85,0,0,0]},{"code":117,"indent":1,"parameters":[9]},{"code":0,"indent":1,"parameters":[]},{"code":412,"indent":0,"parameters":[]},{"code":111,"indent":0,"parameters":[1,85,0,1,0]},{"code":117,"indent":1,"parameters":[10]},{"code":0,"indent":1,"parameters":[]},{"code":412,"indent":0,"parameters":[]},{"code":111,"indent":0,"parameters":[1,85,0,2,0]},{"code":117,"indent":1,"parameters":[11]},{"code":0,"indent":1,"parameters":[]},{"code":412,"indent":0,"parameters":[]},{"code":111,"indent":0,"parameters":[1,85,0,3,0]},{"code":117,"indent":1,"parameters":[12]},{"code":0,"indent":1,"parameters":[]},{"code":412,"indent":0,"parameters":[]},{"code":0,"indent":0,"parameters":[]}],"name":"Tint Manager ===============","switchId":20,"trigger":0},
{"id":9,"list":[{"code":223,"indent":0,"parameters":[[34,0,51,0],1,false]},{"code":0,"indent":0,"parameters":[]}],"name":"Morning","switchId":1,"trigger":0},
{"id":10,"list":[{"code":223,"indent":0,"parameters":[[0,0,0,0],1,false]},{"code":0,"indent":0,"parameters":[]}],"name":"Day","switchId":1,"trigger":0},
{"id":11,"list":[{"code":223,"indent":0,"parameters":[[-68,-68,0,68],1,false]},{"code":0,"indent":0,"parameters":[]}],"name":"Night","switchId":1,"trigger":0},
{"id":12,"list":[{"code":223,"indent":0,"parameters":[[28,-17,-17,0],1,false]},{"code":0,"indent":0,"parameters":[]}],"name":"Evening","switchId":1,"trigger":0},
{"id":13,"list":[{"code":111,"indent":0,"parameters":[0,24,0]},{"code":111,"indent":1,"parameters":[1,85,0,4,0]},{"code":231,"indent":2,"parameters":[8,"UI/UI_MapExit",0,0,24,24,100,100,255,0]},{"code":357,"indent":2,"parameters":["ButtonPicture","set","Set Button Picture",{"pictureId":"8","commonEventId":"5"}]},{"code":657,"indent":2,"parameters":["Picture Number = 8"]},{"code":657,"indent":2,"parameters":["Common Event = 5"]},{"code":0,"indent":2,"parameters":[]},{"code":411,"indent":1,"parameters":[]},{"code":231,"indent":2,"parameters":[8,"UI/UI_Blank",0,0,24,0,100,100,255,0]},{"code":357,"indent":2,"parameters":["ButtonPicture","set","Set Button Picture",{"pictureId":"8","commonEventId":"16"}]},{"code":657,"indent":2,"parameters":["Picture Number = 8"]},{"code":657,"indent":2,"parameters":["Common Event = 16"]},{"code":111,"indent":2,"parameters":[0,25,0]},{"code":235,"indent":3,"parameters":[8]},{"code":0,"indent":3,"parameters":[]},{"code":412,"indent":2,"parameters":[]},{"code":111,"indent":2,"parameters":[0,83,0]},{"code":235,"indent":3,"parameters":[8]},{"code":0,"indent":3,"parameters":[]},{"code":411,"indent":2,"parameters":[]},{"code":0,"indent":3,"parameters":[]},{"code":412,"indent":2,"parameters":[]},{"code":0,"indent":2,"parameters":[]},{"code":412,"indent":1,"parameters":[]},{"code":0,"indent":1,"parameters":[]},{"code":412,"indent":0,"parameters":[]},{"code":0,"indent":0,"parameters":[]}],"name":"Teleport","switchId":24,"trigger":0},
{"id":14,"list":[{"code":111,"indent":0,"parameters":[0,25,0]},{"code":235,"indent":1,"parameters":[9]},{"code":0,"indent":1,"parameters":[]},{"code":411,"indent":0,"parameters":[]},{"code":111,"indent":1,"parameters":[0,24,0]},{"code":231,"indent":2,"parameters":[9,"UI/UI_Blank",0,0,1024,0,100,100,255,0]},{"code":357,"indent":2,"parameters":["ButtonPicture","set","Set Button Picture",{"pictureId":"9","commonEventId":"15"}]},{"code":657,"indent":2,"parameters":["Picture Number = 9"]},{"code":657,"indent":2,"parameters":["Common Event = 15"]},{"code":0,"indent":2,"parameters":[]},{"code":411,"indent":1,"parameters":[]},{"code":0,"indent":2,"parameters":[]},{"code":412,"indent":1,"parameters":[]},{"code":0,"indent":1,"parameters":[]},{"code":412,"indent":0,"parameters":[]},{"code":0,"indent":0,"parameters":[]}],"name":"Phone","switchId":24,"trigger":0},
{"id":15,"list":[{"code":111,"indent":0,"parameters":[1,80,0,35,0],"collapsed":true},{"code":121,"indent":1,"parameters":[473,473,0]},{"code":121,"indent":1,"parameters":[20,20,1]},{"code":122,"indent":1,"parameters":[85,85,0,0,1]},{"code":211,"indent":1,"parameters":[0]},{"code":121,"indent":1,"parameters":[23,23,1]},{"code":122,"indent":1,"parameters":[88,88,0,3,7,0,0]},{"code":122,"indent":1,"parameters":[86,86,0,3,5,-1,0]},{"code":122,"indent":1,"parameters":[87,87,0,3,5,-1,1]},{"code":121,"indent":1,"parameters":[25,25,0]},{"code":235,"indent":1,"parameters":[1]},{"code":235,"indent":1,"parameters":[2]},{"code":235,"indent":1,"parameters":[3]},{"code":235,"indent":1,"parameters":[4]},{"code":235,"indent":1,"parameters":[5]},{"code":235,"indent":1,"parameters":[6]},{"code":235,"indent":1,"parameters":[7]},{"code":235,"indent":1,"parameters":[8]},{"code":235,"indent":1,"parameters":[9]},{"code":235,"indent":1,"parameters":[10]},{"code":235,"indent":1,"parameters":[11]},{"code":122,"indent":1,"parameters":[85,85,0,0,4]},{"code":201,"indent":1,"parameters":[0,18,11,2,0,2]},{"code":122,"indent":1,"parameters":[85,85,0,0,4]},{"code":115,"indent":1,"parameters":[]},{"code":0,"indent":1,"parameters":[]},{"code":412,"indent":0,"parameters":[]},{"code":111,"indent":0,"parameters":[0,24,1]},{"code":101,"indent":1,"parameters":["",0,0,2,""]},{"code":401,"indent":1,"parameters":["I can't use this right now."]},{"code":115,"indent":1,"parameters":[]},{"code":0,"indent":1,"parameters":[]},{"code":412,"indent":0,"parameters":[]},{"code":111,"indent":0,"parameters":[0,94,0]},{"code":101,"indent":1,"parameters":["",0,0,2,""]},{"code":401,"indent":1,"parameters":["I can't use this right now."]},{"code":115,"indent":1,"parameters":[]},{"code":0,"indent":1,"parameters":[]},{"code":412,"indent":0,"parameters":[]},{"code":111,"indent":0,"parameters":[1,85,0,4,0]},{"code":115,"indent":1,"parameters":[]},{"code":0,"indent":1,"parameters":[]},{"code":411,"indent":0,"parameters":[]},{"code":121,"indent":1,"parameters":[473,473,0]},{"code":121,"indent":1,"parameters":[20,20,1]},{"code":122,"indent":1,"parameters":[85,85,0,0,1]},{"code":211,"indent":1,"parameters":[0]},{"code":121,"indent":1,"parameters":[23,23,1]},{"code":122,"indent":1,"parameters":[88,88,0,3,7,0,0]},{"code":122,"indent":1,"parameters":[86,86,0,3,5,-1,0]},{"code":122,"indent":1,"parameters":[87,87,0,3,5,-1,1]},{"code":121,"indent":1,"parameters":[25,25,0]},{"code":235,"indent":1,"parameters":[1]},{"code":235,"indent":1,"parameters":[2]},{"code":235,"indent":1,"parameters":[3]},{"code":235,"indent":1,"parameters":[4]},{"code":235,"indent":1,"parameters":[5]},{"code":235,"indent":1,"parameters":[6]},{"code":235,"indent":1,"parameters":[7]},{"code":235,"indent":1,"parameters":[8]},{"code":235,"indent":1,"parameters":[9]},{"code":235,"indent":1,"parameters":[10]},{"code":235,"indent":1,"parameters":[11]},{"code":122,"indent":1,"parameters":[85,85,0,0,4]},{"code":201,"indent":1,"parameters":[0,18,11,2,0,2]},{"code":122,"indent":1,"parameters":[85,85,0,0,4]},{"code":0,"indent":1,"parameters":[]},{"code":412,"indent":0,"parameters":[]},{"code":0,"indent":0,"parameters":[]}],"name":"Phone Open","switchId":1,"trigger":0},
{"id":16,"list":[{"code":111,"indent":0,"parameters":[0,24,1]},{"code":101,"indent":1,"parameters":["",0,0,2,""]},{"code":401,"indent":1,"parameters":["I can't use this right now."]},{"code":115,"indent":1,"parameters":[]},{"code":0,"indent":1,"parameters":[]},{"code":412,"indent":0,"parameters":[]},{"code":111,"indent":0,"parameters":[0,94,0]},{"code":101,"indent":1,"parameters":["",0,0,2,""]},{"code":401,"indent":1,"parameters":["I can't use this right now."]},{"code":115,"indent":1,"parameters":[]},{"code":0,"indent":1,"parameters":[]},{"code":412,"indent":0,"parameters":[]},{"code":111,"indent":0,"parameters":[0,83,0]},{"code":101,"indent":1,"parameters":["",0,0,2,""]},{"code":401,"indent":1,"parameters":["I can't leave right now."]},{"code":115,"indent":1,"parameters":[]},{"code":0,"indent":1,"parameters":[]},{"code":412,"indent":0,"parameters":[]},{"code":111,"indent":0,"parameters":[1,85,0,4,0]},{"code":117,"indent":1,"parameters":[5]},{"code":115,"indent":1,"parameters":[]},{"code":0,"indent":1,"parameters":[]},{"code":412,"indent":0,"parameters":[]},{"code":121,"indent":0,"parameters":[473,473,0]},{"code":121,"indent":0,"parameters":[20,20,1]},{"code":122,"indent":0,"parameters":[85,85,0,0,4]},{"code":246,"indent":0,"parameters":[1]},{"code":211,"indent":0,"parameters":[0]},{"code":121,"indent":0,"parameters":[23,23,1]},{"code":122,"indent":0,"parameters":[88,88,0,3,7,0,0]},{"code":122,"indent":0,"parameters":[86,86,0,3,5,-1,0]},{"code":122,"indent":0,"parameters":[87,87,0,3,5,-1,1]},{"code":121,"indent":0,"parameters":[25,25,0]},{"code":235,"indent":0,"parameters":[1]},{"code":235,"indent":0,"parameters":[2]},{"code":235,"indent":0,"parameters":[3]},{"code":235,"indent":0,"parameters":[4]},{"code":235,"indent":0,"parameters":[5]},{"code":235,"indent":0,"parameters":[6]},{"code":235,"indent":0,"parameters":[7]},{"code":235,"indent":0,"parameters":[8]},{"code":235,"indent":0,"parameters":[9]},{"code":235,"indent":0,"parameters":[10]},{"code":235,"indent":0,"parameters":[11]},{"code":122,"indent":0,"parameters":[85,85,0,0,4]},{"code":357,"indent":0,"parameters":["EliMZ_SelfSwitches","changeValue","Change",{"mapId":"048","eventId":"003","sswitch":"B","value":"false","script":"","delay":"0","unit":"frames"}]},{"code":657,"indent":0,"parameters":["Map Id = 048"]},{"code":657,"indent":0,"parameters":["Event Id = 003"]},{"code":657,"indent":0,"parameters":["Self Switch = B"]},{"code":657,"indent":0,"parameters":["Default Value = false"]},{"code":657,"indent":0,"parameters":["Script Value = "]},{"code":657,"indent":0,"parameters":["Delay value = 0"]},{"code":657,"indent":0,"parameters":["Delay Unit = frames"]},{"code":357,"indent":0,"parameters":["VisuMZ_2_ExtMessageFunc","MsgButtonConsole","Message Button Console: Show/Hide",{"Visible:eval":"true"}]},{"code":657,"indent":0,"parameters":["Visible? = true"]},{"code":201,"indent":0,"parameters":[0,34,10,10,0,2]},{"code":357,"indent":0,"parameters":["VisuMZ_2_ExtMessageFunc","MsgButtonConsole","Message Button Console: Show/Hide",{"Visible:eval":"false"}]},{"code":657,"indent":0,"parameters":["Visible? = false"]},{"code":122,"indent":0,"parameters":[85,85,0,0,4]},{"code":246,"indent":0,"parameters":[1]},{"code":0,"indent":0,"parameters":[]}],"name":"Teleport Command","switchId":1,"trigger":0},
{"id":17,"list":[{"code":231,"indent":0,"parameters":[12,"GNwA/ComicCover_1",0,0,0,0,100,100,255,0]},{"code":230,"indent":0,"parameters":[120]},{"code":101,"indent":0,"parameters":["",0,0,2,""]},{"code":401,"indent":0,"parameters":["Sweet..."]},{"code":230,"indent":0,"parameters":[60]},{"code":235,"indent":0,"parameters":[12]},{"code":115,"indent":0,"parameters":[]},{"code":0,"indent":0,"parameters":[]}],"name":"View comic covers","switchId":1,"trigger":0},
{"id":18,"list":[{"code":122,"indent":0,"parameters":[91,91,1,0,1]},{"code":0,"indent":0,"parameters":[]}],"name":"Imp defeated variable","switchId":1,"trigger":0},
{"id":19,"list":[{"code":111,"indent":0,"parameters":[3,0,1]},{"code":201,"indent":1,"parameters":[0,13,6,7,2,0]},{"code":101,"indent":1,"parameters":["",0,0,2,""]},{"code":401,"indent":1,"parameters":["Go to the mall!"]},{"code":124,"indent":1,"parameters":[0,120]},{"code":0,"indent":1,"parameters":[]},{"code":412,"indent":0,"parameters":[]},{"code":0,"indent":0,"parameters":[]}],"name":"Cassie and Brandy Timer","switchId":35,"trigger":2},
{"id":20,"list":[{"code":0,"indent":0,"parameters":[]}],"name":"On Death","switchId":1,"trigger":0},
{"id":21,"list":[{"code":121,"indent":0,"parameters":[108,108,0]},{"code":0,"indent":0,"parameters":[]}],"name":"Time Stop On","switchId":108,"trigger":0},
{"id":22,"list":[{"code":231,"indent":0,"parameters":[12,"GNwA/ComicCover_2",0,0,0,0,100,100,255,0]},{"code":230,"indent":0,"parameters":[120]},{"code":101,"indent":0,"parameters":["",0,0,2,""]},{"code":401,"indent":0,"parameters":["Cool..."]},{"code":230,"indent":0,"parameters":[60]},{"code":235,"indent":0,"parameters":[12]},{"code":115,"indent":0,"parameters":[]},{"code":0,"indent":0,"parameters":[]}],"name":"Espectra#2","switchId":1,"trigger":0},
{"id":23,"list":[{"code":355,"indent":0,"parameters":["uAPI.pauseABS(1);"]},{"code":0,"indent":0,"parameters":[]}],"name":"Combat off","switchId":110,"trigger":2},
{"id":24,"list":[{"code":231,"indent":0,"parameters":[12,"GNwA/ComicCover_3",0,0,0,0,100,100,255,0]},{"code":230,"indent":0,"parameters":[120]},{"code":101,"indent":0,"parameters":["",0,0,2,""]},{"code":401,"indent":0,"parameters":["Oh dang, nice boobs..."]},{"code":230,"indent":0,"parameters":[60]},{"code":235,"indent":0,"parameters":[12]},{"code":115,"indent":0,"parameters":[]},{"code":0,"indent":0,"parameters":[]}],"name":"Espectra#3","switchId":1,"trigger":0},
{"id":25,"list":[{"code":108,"indent":0,"parameters":["If the map touch controls are on"]},{"code":111,"indent":0,"parameters":[12,"PKD_MobileControls.MAP_TOUCH"]},{"code":121,"indent":1,"parameters":[118,118,1]},{"code":357,"indent":1,"parameters":["PKD_MobileControls","JoyStickState","Joystick State",{"active":"false"}]},{"code":657,"indent":1,"parameters":["Is Disabled? = false"]},{"code":357,"indent":1,"parameters":["PKD_MobileControls","JoyStickVisible","Joystick Visibility",{"hidden":"false"}]},{"code":657,"indent":1,"parameters":["Is Hidden? = false"]},{"code":357,"indent":1,"parameters":["PKD_MobileControls","ButtonState","Button State",{"buttonId":"1","active":"false"}]},{"code":657,"indent":1,"parameters":["Index = 1"]},{"code":657,"indent":1,"parameters":["Is Disabled? = false"]},{"code":357,"indent":1,"parameters":["PKD_MobileControls","ButtonState","Button State",{"buttonId":"2","active":"false"}]},{"code":657,"indent":1,"parameters":["Index = 2"]},{"code":657,"indent":1,"parameters":["Is Disabled? = false"]},{"code":357,"indent":1,"parameters":["PKD_MobileControls","ButtonVisible","Button Visibility",{"buttonId":"1","hidden":"false"}]},{"code":657,"indent":1,"parameters":["Index = 1"]},{"code":657,"indent":1,"parameters":["Is Hidden? = false"]},{"code":357,"indent":1,"parameters":["PKD_MobileControls","ButtonVisible","Button Visibility",{"buttonId":"2","hidden":"false"}]},{"code":657,"indent":1,"parameters":["Index = 2"]},{"code":657,"indent":1,"parameters":["Is Hidden? = false"]},{"code":355,"indent":1,"parameters":["PKD_MobileControls.MAP_TOUCH = false;"]},{"code":0,"indent":1,"parameters":[]},{"code":411,"indent":0,"parameters":[]},{"code":121,"indent":1,"parameters":[118,118,0]},{"code":357,"indent":1,"parameters":["PKD_MobileControls","JoyStickState","Joystick State",{"active":"true"}]},{"code":657,"indent":1,"parameters":["Is Disabled? = true"]},{"code":357,"indent":1,"parameters":["PKD_MobileControls","JoyStickVisible","Joystick Visibility",{"hidden":"true"}]},{"code":657,"indent":1,"parameters":["Is Hidden? = true"]},{"code":357,"indent":1,"parameters":["PKD_MobileControls","ButtonState","Button State",{"buttonId":"1","active":"true"}]},{"code":657,"indent":1,"parameters":["Index = 1"]},{"code":657,"indent":1,"parameters":["Is Disabled? = true"]},{"code":357,"indent":1,"parameters":["PKD_MobileControls","ButtonState","Button State",{"buttonId":"2","active":"true"}]},{"code":657,"indent":1,"parameters":["Index = 2"]},{"code":657,"indent":1,"parameters":["Is Disabled? = true"]},{"code":357,"indent":1,"parameters":["PKD_MobileControls","ButtonVisible","Button Visibility",{"buttonId":"1","hidden":"true"}]},{"code":657,"indent":1,"parameters":["Index = 1"]},{"code":657,"indent":1,"parameters":["Is Hidden? = true"]},{"code":357,"indent":1,"parameters":["PKD_MobileControls","ButtonVisible","Button Visibility",{"buttonId":"2","hidden":"true"}]},{"code":657,"indent":1,"parameters":["Index = 2"]},{"code":657,"indent":1,"parameters":["Is Hidden? = true"]},{"code":355,"indent":1,"parameters":["PKD_MobileControls.MAP_TOUCH = true;"]},{"code":0,"indent":1,"parameters":[]},{"code":412,"indent":0,"parameters":[]},{"code":0,"indent":0,"parameters":[]}],"name":"Mobile Control Change","switchId":1,"trigger":0},
{"id":26,"list":[{"code":108,"indent":0,"parameters":["If on mobile or not"]},{"code":408,"indent":0,"parameters":["(This is run on new game manually in the first autorun event,"]},{"code":408,"indent":0,"parameters":["and on save load via CGMZ Hooks)"]},{"code":111,"indent":0,"parameters":[12,"Utils.isMobileDevice();"]},{"code":121,"indent":1,"parameters":[474,474,0]},{"code":0,"indent":1,"parameters":[]},{"code":411,"indent":0,"parameters":[]},{"code":121,"indent":1,"parameters":[474,474,1]},{"code":0,"indent":1,"parameters":[]},{"code":412,"indent":0,"parameters":[]},{"code":0,"indent":0,"parameters":[]}],"name":"Mobile Check","switchId":1,"trigger":0},
{"id":27,"list":[{"code":231,"indent":0,"parameters":[12,"GNwA/ComicCover_4",0,0,0,0,100,100,255,0]},{"code":230,"indent":0,"parameters":[120]},{"code":101,"indent":0,"parameters":["",0,0,2,""]},{"code":401,"indent":0,"parameters":["Woah, Espectra might be in serious trouble with this guy..."]},{"code":230,"indent":0,"parameters":[60]},{"code":235,"indent":0,"parameters":[12]},{"code":115,"indent":0,"parameters":[]},{"code":0,"indent":0,"parameters":[]}],"name":"Espectra 4","switchId":1,"trigger":0},
{"id":28,"list":[{"code":122,"indent":0,"parameters":[88,88,0,3,7,0,0]},{"code":122,"indent":0,"parameters":[86,86,0,3,5,-1,0]},{"code":122,"indent":0,"parameters":[87,87,0,3,5,-1,1]},{"code":230,"indent":0,"parameters":[5]},{"code":221,"indent":0,"parameters":[]},{"code":201,"indent":0,"parameters":[0,1,0,0,0,2]},{"code":230,"indent":0,"parameters":[5]},{"code":201,"indent":0,"parameters":[1,88,86,87,0,2]},{"code":222,"indent":0,"parameters":[]},{"code":108,"indent":0,"parameters":["If on the Beach"]},{"code":111,"indent":0,"parameters":[12,"$gameMap.mapId() === 45;"]},{"code":108,"indent":1,"parameters":["If during Hellcrab autosave"]},{"code":111,"indent":1,"parameters":[1,52,0,38,0]},{"code":121,"indent":2,"parameters":[115,115,0]},{"code":230,"indent":2,"parameters":[5]},{"code":357,"indent":2,"parameters":["VisuMZ_1_EventsMoveCore","CallEvent","Call Event: Remote Read",{"MapId:eval":"45","EventId:eval":"11","PageId:eval":"1"}]},{"code":657,"indent":2,"parameters":["Map ID = 45"]},{"code":657,"indent":2,"parameters":["Event ID = 11"]},{"code":657,"indent":2,"parameters":["Page ID = 1"]},{"code":0,"indent":2,"parameters":[]},{"code":412,"indent":1,"parameters":[]},{"code":0,"indent":1,"parameters":[]},{"code":412,"indent":0,"parameters":[]},{"code":108,"indent":0,"parameters":["If on the Pirate Ship"]},{"code":111,"indent":0,"parameters":[12,"$gameMap.mapId() === 88;"]},{"code":108,"indent":1,"parameters":["If first time"]},{"code":111,"indent":1,"parameters":[1,52,0,15,0]},{"code":121,"indent":2,"parameters":[115,115,0]},{"code":230,"indent":2,"parameters":[5]},{"code":357,"indent":2,"parameters":["VisuMZ_1_EventsMoveCore","CallEvent","Call Event: Remote Read",{"MapId:eval":"88","EventId:eval":"4","PageId:eval":"1"}]},{"code":657,"indent":2,"parameters":["Map ID = 88"]},{"code":657,"indent":2,"parameters":["Event ID = 4"]},{"code":657,"indent":2,"parameters":["Page ID = 1"]},{"code":0,"indent":2,"parameters":[]},{"code":412,"indent":1,"parameters":[]},{"code":0,"indent":1,"parameters":[]},{"code":412,"indent":0,"parameters":[]},{"code":108,"indent":0,"parameters":["If undersea (with the shark)"]},{"code":111,"indent":0,"parameters":[12,"$gameMap.mapId() === 90;"]},{"code":108,"indent":1,"parameters":["If first time"]},{"code":111,"indent":1,"parameters":[1,197,0,4,0]},{"code":121,"indent":2,"parameters":[115,115,0]},{"code":230,"indent":2,"parameters":[5]},{"code":357,"indent":2,"parameters":["VisuMZ_1_EventsMoveCore","CallEvent","Call Event: Remote Read",{"MapId:eval":"90","EventId:eval":"2","PageId:eval":"3"}]},{"code":657,"indent":2,"parameters":["Map ID = 90"]},{"code":657,"indent":2,"parameters":["Event ID = 2"]},{"code":657,"indent":2,"parameters":["Page ID = 3"]},{"code":0,"indent":2,"parameters":[]},{"code":412,"indent":1,"parameters":[]},{"code":0,"indent":1,"parameters":[]},{"code":412,"indent":0,"parameters":[]},{"code":0,"indent":0,"parameters":[]}],"name":"Reload Map","switchId":1,"trigger":0},
{"id":29,"list":[{"code":121,"indent":0,"parameters":[116,116,1]},{"code":357,"indent":0,"parameters":["VisuMZ_2_ExtMessageFunc","MsgButtonConsole","Message Button Console: Show/Hide",{"Visible:eval":"false"}]},{"code":657,"indent":0,"parameters":["Visible? = false"]},{"code":230,"indent":0,"parameters":[5]},{"code":111,"indent":0,"parameters":[0,117,0]},{"code":101,"indent":1,"parameters":["",0,0,1,"Demon Deals"]},{"code":401,"indent":1,"parameters":["<center>"]},{"code":401,"indent":1,"parameters":["You've chosen to start at the latest update!"]},{"code":401,"indent":1,"parameters":["This has you begin at the newest content available in this update."]},{"code":0,"indent":1,"parameters":[]},{"code":411,"indent":0,"parameters":[]},{"code":101,"indent":1,"parameters":["",0,0,1,"Demon Deals"]},{"code":401,"indent":1,"parameters":["<center>"]},{"code":401,"indent":1,"parameters":["You've loaded the included slot 50 save!"]},{"code":401,"indent":1,"parameters":["This save starts at the newest content available in this update."]},{"code":0,"indent":1,"parameters":[]},{"code":412,"indent":0,"parameters":[]},{"code":101,"indent":0,"parameters":["",0,0,1,"Demon Deals"]},{"code":401,"indent":0,"parameters":["<center>"]},{"code":401,"indent":0,"parameters":["This update, Demon Deals v0.06.5,"]},{"code":401,"indent":0,"parameters":["includes content for the family: Ashley, Brandy, Cassie and Leslie."]},{"code":101,"indent":0,"parameters":["",0,0,1,"Demon Deals"]},{"code":401,"indent":0,"parameters":["<center>"]},{"code":401,"indent":0,"parameters":["All the new quests are available in your Journal."]},{"code":401,"indent":0,"parameters":["It can be accessed with the J key, or via \"Quests\" in the menu."]},{"code":101,"indent":0,"parameters":["",0,0,1,"Demon Deals"]},{"code":401,"indent":0,"parameters":["<center>"]},{"code":401,"indent":0,"parameters":["We've loaded you in front of the school to easily access the"]},{"code":401,"indent":0,"parameters":["start of Brandy's content. Simply start history class as normal."]},{"code":101,"indent":0,"parameters":["",0,0,1,"Demon Deals"]},{"code":401,"indent":0,"parameters":["<center>"]},{"code":401,"indent":0,"parameters":["If you prefer, you can start with any of the other quests instead."]},{"code":101,"indent":0,"parameters":["",0,0,1,"Demon Deals"]},{"code":401,"indent":0,"parameters":["<center>"]},{"code":401,"indent":0,"parameters":["If you'd like to change your name from the default \"Jon\","]},{"code":401,"indent":0,"parameters":["you can do so with the \"Name Change\" item in your inventory."]},{"code":101,"indent":0,"parameters":["",0,0,1,"Demon Deals"]},{"code":401,"indent":0,"parameters":["<center>"]},{"code":401,"indent":0,"parameters":["We hope you enjoy the update!"]},{"code":230,"indent":0,"parameters":[5]},{"code":357,"indent":0,"parameters":["VisuMZ_2_ExtMessageFunc","MsgButtonConsole","Message Button Console: Show/Hide",{"Visible:eval":"true"}]},{"code":657,"indent":0,"parameters":["Visible? = true"]},{"code":230,"indent":0,"parameters":[5]},{"code":0,"indent":0,"parameters":[]}],"name":"Loaded Included Save","switchId":1,"trigger":0},
{"id":30,"list":[{"code":108,"indent":0,"parameters":["Event that's run when the player clicks on the \"Debug\" option in the phone"]},{"code":102,"indent":0,"parameters":[["Clear stuck image(s)","Reset camera","Debug room","Cancel"],3,0,1,0]},{"code":402,"indent":0,"parameters":[0,"Clear stuck image(s)"]},{"code":357,"indent":1,"parameters":["VisuMZ_0_CoreEngine","PictureEraseAll","Picture: Erase All",{}]},{"code":0,"indent":1,"parameters":[]},{"code":402,"indent":0,"parameters":[1,"Reset camera"]},{"code":355,"indent":1,"parameters":["$gameScreen.updateMapCameraFocus();"]},{"code":0,"indent":1,"parameters":[]},{"code":402,"indent":0,"parameters":[2,"Debug room"]},{"code":101,"indent":1,"parameters":["",0,0,1,""]},{"code":401,"indent":1,"parameters":["<Hide Button Console><center>"]},{"code":401,"indent":1,"parameters":["Go to the Debug Room?"]},{"code":401,"indent":1,"parameters":["You can potentially fix some bugs here."]},{"code":102,"indent":1,"parameters":[["Go to the Debug Room","Cancel"],1,0,1,0]},{"code":402,"indent":1,"parameters":[0,"Go to the Debug Room"]},{"code":221,"indent":2,"parameters":[]},{"code":121,"indent":2,"parameters":[94,94,0]},{"code":121,"indent":2,"parameters":[473,473,1]},{"code":211,"indent":2,"parameters":[1]},{"code":230,"indent":2,"parameters":[5]},{"code":201,"indent":2,"parameters":[0,96,3,4,8,2]},{"code":222,"indent":2,"parameters":[]},{"code":0,"indent":2,"parameters":[]},{"code":402,"indent":1,"parameters":[1,"Cancel"]},{"code":0,"indent":2,"parameters":[]},{"code":404,"indent":1,"parameters":[]},{"code":0,"indent":1,"parameters":[]},{"code":402,"indent":0,"parameters":[3,"Cancel"]},{"code":0,"indent":1,"parameters":[]},{"code":404,"indent":0,"parameters":[]},{"code":0,"indent":0,"parameters":[]}],"name":"Debug Phone","switchId":1,"trigger":0},
{"id":31,"list":[{"code":108,"indent":0,"parameters":["This runs every time a save is loaded (via CGMZ Hooks)."]},{"code":408,"indent":0,"parameters":["It is used to check if any quests from a new update need to be added to the journal."]},{"code":408,"indent":0,"parameters":["-------------------------------------------------------------------------------------"]},{"code":108,"indent":0,"parameters":["Brenda v0.06"]},{"code":408,"indent":0,"parameters":["------------"]},{"code":108,"indent":0,"parameters":["If player has completed the first day of school"]},{"code":111,"indent":0,"parameters":[1,43,0,10,1]},{"code":108,"indent":1,"parameters":["If the player has not progressed with Brenda beyond the first day of school"]},{"code":111,"indent":1,"parameters":[1,52,0,1,0]},{"code":108,"indent":2,"parameters":["If player has not completed Cassie's \"Working It Out\" quest"]},{"code":408,"indent":2,"parameters":["Start the \"Brenda Start\" gate quest"]},{"code":111,"indent":2,"parameters":[1,79,0,7,4]},{"code":108,"indent":3,"parameters":["Only add the quest if it has not already been added"]},{"code":111,"indent":3,"parameters":[12,"!SQSM.isQuestVisible(\"Brenda_Gate\");"]},{"code":355,"indent":4,"parameters":["SQSM.AddQuest(\"Brenda_Gate\");"]},{"code":0,"indent":4,"parameters":[]},{"code":412,"indent":3,"parameters":[]},{"code":115,"indent":3,"parameters":[]},{"code":0,"indent":3,"parameters":[]},{"code":411,"indent":2,"parameters":[]},{"code":108,"indent":3,"parameters":["If player has completed Cassie's \"Working It Out\" quest"]},{"code":408,"indent":3,"parameters":["Start Brenda's quest"]},{"code":108,"indent":3,"parameters":["Only add the quest if it has not already been added"]},{"code":111,"indent":3,"parameters":[12,"!SQSM.isQuestVisible(\"Brenda_1\");"]},{"code":355,"indent":4,"parameters":["SQSM.AddQuest(\"Brenda_1\");"]},{"code":0,"indent":4,"parameters":[]},{"code":412,"indent":3,"parameters":[]},{"code":0,"indent":3,"parameters":[]},{"code":412,"indent":2,"parameters":[]},{"code":0,"indent":2,"parameters":[]},{"code":412,"indent":1,"parameters":[]},{"code":0,"indent":1,"parameters":[]},{"code":412,"indent":0,"parameters":[]},{"code":108,"indent":0,"parameters":["Leslie v0.06"]},{"code":408,"indent":0,"parameters":["------------"]},{"code":108,"indent":0,"parameters":["If player has progressed far enough with Leslie"]},{"code":111,"indent":0,"parameters":[1,80,0,22,0]},{"code":108,"indent":1,"parameters":["If the player has progressed far enough with Brandy"]},{"code":111,"indent":1,"parameters":[1,2,0,16,1]},{"code":108,"indent":2,"parameters":["If player doesn't already have the quest \"visible\""]},{"code":111,"indent":2,"parameters":[12,"!SQSM.isQuestVisible(\"Leslie_Sample_Start\");"]},{"code":355,"indent":3,"parameters":["SQSM.AddQuest(\"Leslie_Sample_Start\");"]},{"code":655,"indent":3,"parameters":["SQSM.CompleteTaskForQuest(\"Leslie_Sample_Start\", 1);"]},{"code":655,"indent":3,"parameters":["SQSM.ShowTaskForQuest(\"Leslie_Sample_Start\", 2);"]},{"code":0,"indent":3,"parameters":[]},{"code":412,"indent":2,"parameters":[]},{"code":0,"indent":2,"parameters":[]},{"code":411,"indent":1,"parameters":[]},{"code":108,"indent":2,"parameters":["If the player has not progressed far enough with Brandy"]},{"code":108,"indent":2,"parameters":["If player doesn't already have the quest \"visible\""]},{"code":111,"indent":2,"parameters":[12,"!SQSM.isQuestVisible(\"Leslie_Sample_Start\");"]},{"code":355,"indent":3,"parameters":["SQSM.AddQuest(\"Leslie_Sample_Start\");"]},{"code":0,"indent":3,"parameters":[]},{"code":412,"indent":2,"parameters":[]},{"code":0,"indent":2,"parameters":[]},{"code":412,"indent":1,"parameters":[]},{"code":0,"indent":1,"parameters":[]},{"code":412,"indent":0,"parameters":[]},{"code":108,"indent":0,"parameters":["Version 0.06.5"]},{"code":408,"indent":0,"parameters":["--------------"]},{"code":108,"indent":0,"parameters":["=== Brandy's Quest ==="]},{"code":109,"indent":0,"parameters":[]},{"code":108,"indent":1,"parameters":["Opted to not have it trigger on load, having it trigger when entering MC's"]},{"code":408,"indent":1,"parameters":["apartment or the school's Main Hall was deemed better."]},{"code":408,"indent":1,"parameters":["(Also triggers for new playthroughs at the end of the first"]},{"code":408,"indent":1,"parameters":["Brandy apartment visit)"]},{"code":111,"indent":1,"parameters":[1,2,0,16,0]},{"code":111,"indent":2,"parameters":[12,"!SQSM.isQuestVisible(\"Brandy_6.5\")"]},{"code":108,"indent":3,"parameters":["If Brandy's 5.5 quest was NOT already activated in the school"]},{"code":408,"indent":3,"parameters":["or at the end of her v.05.5 event"]},{"code":408,"indent":3,"parameters":["(Or here, if this event was activated before but not disabled)"]},{"code":117,"indent":3,"parameters":[34]},{"code":0,"indent":3,"parameters":[]},{"code":412,"indent":2,"parameters":[]},{"code":0,"indent":2,"parameters":[]},{"code":412,"indent":1,"parameters":[]},{"code":0,"indent":1,"parameters":[]},{"code":409,"indent":0,"parameters":[]},{"code":108,"indent":0,"parameters":["== Spy Cameras Bug Fix =="]},{"code":108,"indent":0,"parameters":["For some reason, some people's Spy Camera switch (ID 71) is off despite"]},{"code":408,"indent":0,"parameters":["having completed the quest. Check if the quest is complete and turn it back on"]},{"code":111,"indent":0,"parameters":[0,71,1]},{"code":108,"indent":1,"parameters":["If the switch is OFF but they've completed the quest turn it back ON"]},{"code":111,"indent":1,"parameters":[12,"SQSM.isQuestComplete(\"Spy\")"]},{"code":121,"indent":2,"parameters":[71,71,0]},{"code":108,"indent":2,"parameters":["If a player has played the v.06.5 beta where they've already completed the"]},{"code":408,"indent":2,"parameters":["spy camera quest, but they got the bug where the switch is off (fixed above),"]},{"code":408,"indent":2,"parameters":["then they might've got the quest task to finish the Spy Cameras quest even"]},{"code":408,"indent":2,"parameters":["if it was already done. This makes sure that task is set to complete"]},{"code":355,"indent":2,"parameters":["SQSM.CompleteTaskForQuest(\"Leslie_Ash_6.5\", 13);"]},{"code":0,"indent":2,"parameters":[]},{"code":412,"indent":1,"parameters":[]},{"code":0,"indent":1,"parameters":[]},{"code":412,"indent":0,"parameters":[]},{"code":108,"indent":0,"parameters":["=== The Weekend Quest ==="]},{"code":111,"indent":0,"parameters":[1,80,0,30,0]},{"code":111,"indent":1,"parameters":[12,"!SQSM.isQuestVisible(\"Leslie_Ash_6.5\")"]},{"code":108,"indent":2,"parameters":["If The Weekend quest has not been activated yet"]},{"code":355,"indent":2,"parameters":["SQSM.AddQuest(\"Leslie_Ash_6.5\");"]},{"code":0,"indent":2,"parameters":[]},{"code":412,"indent":1,"parameters":[]},{"code":111,"indent":1,"parameters":[1,72,0,16,1]},{"code":111,"indent":2,"parameters":[1,2,0,16,1]},{"code":111,"indent":3,"parameters":[0,71,0]},{"code":108,"indent":4,"parameters":["If both Ashley and Brandy have been progressed enough"]},{"code":408,"indent":4,"parameters":["+ \"Spy Cameras\" quest has been completed"]},{"code":121,"indent":4,"parameters":[467,467,1]},{"code":121,"indent":4,"parameters":[468,468,1]},{"code":115,"indent":4,"parameters":[]},{"code":0,"indent":4,"parameters":[]},{"code":412,"indent":3,"parameters":[]},{"code":0,"indent":3,"parameters":[]},{"code":412,"indent":2,"parameters":[]},{"code":0,"indent":2,"parameters":[]},{"code":412,"indent":1,"parameters":[]},{"code":111,"indent":1,"parameters":[1,72,0,15,2]},{"code":108,"indent":2,"parameters":["If Ashley needs to be progressed more for The Weekend quest"]},{"code":111,"indent":2,"parameters":[0,467,1]},{"code":355,"indent":3,"parameters":["SQSM.ShowTaskForQuest(\"Leslie_Ash_6.5\", 11)"]},{"code":121,"indent":3,"parameters":[467,467,0]},{"code":0,"indent":3,"parameters":[]},{"code":412,"indent":2,"parameters":[]},{"code":0,"indent":2,"parameters":[]},{"code":412,"indent":1,"parameters":[]},{"code":111,"indent":1,"parameters":[1,2,0,15,2]},{"code":108,"indent":2,"parameters":["If Brandy needs to be progressed more for The Weekend quest"]},{"code":111,"indent":2,"parameters":[0,468,1]},{"code":355,"indent":3,"parameters":["SQSM.ShowTaskForQuest(\"Leslie_Ash_6.5\", 12)"]},{"code":121,"indent":3,"parameters":[468,468,0]},{"code":0,"indent":3,"parameters":[]},{"code":412,"indent":2,"parameters":[]},{"code":0,"indent":2,"parameters":[]},{"code":412,"indent":1,"parameters":[]},{"code":111,"indent":1,"parameters":[0,71,1]},{"code":108,"indent":2,"parameters":["If the \"Spy Cameras\" quest has NOT been completed. It is"]},{"code":408,"indent":2,"parameters":["required for The Weekend quest"]},{"code":111,"indent":2,"parameters":[0,466,1]},{"code":355,"indent":3,"parameters":["SQSM.ShowTaskForQuest(\"Leslie_Ash_6.5\", 13)"]},{"code":121,"indent":3,"parameters":[466,466,0]},{"code":0,"indent":3,"parameters":[]},{"code":412,"indent":2,"parameters":[]},{"code":0,"indent":2,"parameters":[]},{"code":412,"indent":1,"parameters":[]},{"code":0,"indent":1,"parameters":[]},{"code":412,"indent":0,"parameters":[]},{"code":0,"indent":0,"parameters":[]}],"name":"Update Journal","switchId":1,"trigger":0},
{"id":32,"list":[{"code":111,"indent":0,"parameters":[1,80,0,44,0]},{"code":111,"indent":1,"parameters":[1,81,0,16,1]},{"code":122,"indent":2,"parameters":[80,80,0,0,45]},{"code":101,"indent":2,"parameters":["",0,0,2,""]},{"code":401,"indent":2,"parameters":["\\n[1]:"]},{"code":401,"indent":2,"parameters":["I need to get home."]},{"code":122,"indent":2,"parameters":[81,81,0,0,16]},{"code":121,"indent":2,"parameters":[23,23,1]},{"code":121,"indent":2,"parameters":[25,25,1]},{"code":121,"indent":2,"parameters":[473,473,1]},{"code":121,"indent":2,"parameters":[26,26,0]},{"code":121,"indent":2,"parameters":[20,20,0]},{"code":357,"indent":2,"parameters":["VisuMZ_2_ExtMessageFunc","MsgButtonConsole","Message Button Console: Show/Hide",{"Visible:eval":"true"}]},{"code":657,"indent":2,"parameters":["Visible? = true"]},{"code":211,"indent":2,"parameters":[1]},{"code":201,"indent":2,"parameters":[0,85,15,22,8,0]},{"code":205,"indent":2,"parameters":[-1,{"list":[{"code":40,"indent":null},{"code":38,"indent":null},{"code":0}],"repeat":false,"skippable":false,"wait":true}]},{"code":505,"indent":2,"parameters":[{"code":40,"indent":null}]},{"code":505,"indent":2,"parameters":[{"code":38,"indent":null}]},{"code":322,"indent":2,"parameters":[1,"MC1",0,"MC",0,"Actor1_1"]},{"code":121,"indent":2,"parameters":[470,470,1]},{"code":205,"indent":2,"parameters":[-1,{"list":[{"code":40,"indent":null},{"code":38,"indent":null},{"code":0}],"repeat":false,"skippable":false,"wait":true}]},{"code":505,"indent":2,"parameters":[{"code":40,"indent":null}]},{"code":505,"indent":2,"parameters":[{"code":38,"indent":null}]},{"code":322,"indent":2,"parameters":[1,"MC1",0,"MC",0,"Actor1_1"]},{"code":0,"indent":2,"parameters":[]},{"code":412,"indent":1,"parameters":[]},{"code":0,"indent":1,"parameters":[]},{"code":412,"indent":0,"parameters":[]},{"code":0,"indent":0,"parameters":[]}],"name":"v.06.5 Send Home Check","switchId":470,"trigger":2},
{"id":33,"list":[{"code":230,"indent":0,"parameters":[5]},{"code":355,"indent":0,"parameters":["DataManager.loadGame(99);"]},{"code":230,"indent":0,"parameters":[20]},{"code":115,"indent":0,"parameters":[]},{"code":0,"indent":0,"parameters":[]}],"name":"Event Replay End","switchId":1,"trigger":0},
{"id":34,"list":[{"code":111,"indent":0,"parameters":[7,300,2]},{"code":213,"indent":1,"parameters":[-1,8,true]},{"code":101,"indent":1,"parameters":["",0,0,2,""]},{"code":401,"indent":1,"parameters":["\\n[1]:"]},{"code":401,"indent":1,"parameters":["Hmm... I really should do something nice for Brandy - "]},{"code":401,"indent":1,"parameters":["her first time deserves to be special! "]},{"code":101,"indent":1,"parameters":["",0,0,2,""]},{"code":401,"indent":1,"parameters":["\\n[1]:"]},{"code":401,"indent":1,"parameters":["I should probably try to get some cash together to"]},{"code":401,"indent":1,"parameters":["give her a fun night out..."]},{"code":101,"indent":1,"parameters":["",0,0,1,""]},{"code":401,"indent":1,"parameters":["<Hide Buttons><center>"]},{"code":401,"indent":1,"parameters":["Earn $300, then attend History Class."]},{"code":355,"indent":1,"parameters":["SQSM.AddQuest(\"Brandy_6.5\");"]},{"code":355,"indent":1,"parameters":["SQSM.ShowTaskForQuest(\"Brandy_6.5\", 2);"]},{"code":0,"indent":1,"parameters":[]},{"code":411,"indent":0,"parameters":[]},{"code":213,"indent":1,"parameters":[-1,4,true]},{"code":101,"indent":1,"parameters":["",0,0,2,""]},{"code":401,"indent":1,"parameters":["\\n[1]:"]},{"code":401,"indent":1,"parameters":["Hmm... I really should do something nice for Brandy - "]},{"code":401,"indent":1,"parameters":["her first time deserves to be special! "]},{"code":101,"indent":1,"parameters":["",0,0,2,""]},{"code":401,"indent":1,"parameters":["\\n[1]:"]},{"code":401,"indent":1,"parameters":["I've been doing pretty well with work lately,"]},{"code":401,"indent":1,"parameters":["I probably have enough money to splurge on a fun"]},{"code":401,"indent":1,"parameters":["night out for her."]},{"code":101,"indent":1,"parameters":["",0,0,1,""]},{"code":401,"indent":1,"parameters":["<Hide Buttons><center>"]},{"code":401,"indent":1,"parameters":["Attend History Class."]},{"code":355,"indent":1,"parameters":["SQSM.AddQuest(\"Brandy_6.5\");"]},{"code":355,"indent":1,"parameters":["SQSM.CompleteTaskForQuest(\"Brandy_6.5\", 2);"]},{"code":655,"indent":1,"parameters":["SQSM.ShowTaskForQuest(\"Brandy_6.5\", 3);"]},{"code":0,"indent":1,"parameters":[]},{"code":412,"indent":0,"parameters":[]},{"code":111,"indent":0,"parameters":[1,79,0,7,1]},{"code":108,"indent":1,"parameters":["If the player has finished Cassie's v.05.5 content"]},{"code":355,"indent":1,"parameters":["SQSM.CompleteTaskForQuest(\"Brandy_6.5\", 1);"]},{"code":0,"indent":1,"parameters":[]},{"code":412,"indent":0,"parameters":[]},{"code":0,"indent":0,"parameters":[]}],"name":"Brandy 6.5 Quest Start","switchId":1,"trigger":0},
{"id":35,"list":[{"code":355,"indent":0,"parameters":["let newNumber;"]},{"code":655,"indent":0,"parameters":["do {"]},{"code":655,"indent":0,"parameters":["    // Random number between 0 and the selected range (forcefully inclusive)"]},{"code":655,"indent":0,"parameters":["    newNumber = Math.floor(Math.random() * ($gameVariables.value(229) + 1));"]},{"code":655,"indent":0,"parameters":["} while (newNumber === $gameVariables.value(230));"]},{"code":655,"indent":0,"parameters":[""]},{"code":655,"indent":0,"parameters":["$gameVariables.setValue(230, newNumber);"]},{"code":0,"indent":0,"parameters":[]}],"name":"Random Number","switchId":1,"trigger":0},
{"id":36,"list":[{"code":231,"indent":0,"parameters":[12,"GNwA/ComicCover_5",0,0,0,0,100,100,255,0]},{"code":230,"indent":0,"parameters":[120]},{"code":101,"indent":0,"parameters":["",0,0,2,""]},{"code":401,"indent":0,"parameters":["Hmmm, flower-boobies..."]},{"code":230,"indent":0,"parameters":[60]},{"code":235,"indent":0,"parameters":[12]},{"code":115,"indent":0,"parameters":[]},{"code":0,"indent":0,"parameters":[]}],"name":"Espectra 5","switchId":1,"trigger":0},
{"id":37,"list":[{"code":108,"indent":0,"parameters":["This is specifically for areas where you can save, but loading said save might"]},{"code":408,"indent":0,"parameters":["break stuff (in big or small ways)"]},{"code":108,"indent":0,"parameters":["== ON SAVE GAME LOAD =="]},{"code":108,"indent":0,"parameters":["= Brenda ="]},{"code":111,"indent":0,"parameters":[12,"$gameMap.mapId() === 45;"]},{"code":111,"indent":1,"parameters":[1,52,0,18,1]},{"code":111,"indent":2,"parameters":[1,52,0,20,2]},{"code":108,"indent":3,"parameters":["If on the beach during Brenda's beach quest, before heading off to dive"]},{"code":203,"indent":3,"parameters":[24,0,3,4,6]},{"code":0,"indent":3,"parameters":[]},{"code":412,"indent":2,"parameters":[]},{"code":0,"indent":2,"parameters":[]},{"code":412,"indent":1,"parameters":[]},{"code":0,"indent":1,"parameters":[]},{"code":412,"indent":0,"parameters":[]},{"code":0,"indent":0,"parameters":[]}],"name":"SaveGameLoadFix","switchId":1,"trigger":0},
{"id":38,"list":[{"code":111,"indent":0,"parameters":[12,"Utils.isMobileDevice();"]},{"code":108,"indent":1,"parameters":["Regardless of settings, hide it all and show the special A button for mashing"]},{"code":357,"indent":1,"parameters":["PKD_MobileControls","JoyStickState","Joystick State",{"active":"true"}]},{"code":657,"indent":1,"parameters":["Is Disabled? = true"]},{"code":357,"indent":1,"parameters":["PKD_MobileControls","JoyStickVisible","Joystick Visibility",{"hidden":"true"}]},{"code":657,"indent":1,"parameters":["Is Hidden? = true"]},{"code":357,"indent":1,"parameters":["PKD_MobileControls","ButtonState","Button State",{"buttonId":"1","active":"true"}]},{"code":657,"indent":1,"parameters":["Index = 1"]},{"code":657,"indent":1,"parameters":["Is Disabled? = true"]},{"code":357,"indent":1,"parameters":["PKD_MobileControls","ButtonState","Button State",{"buttonId":"2","active":"true"}]},{"code":657,"indent":1,"parameters":["Index = 2"]},{"code":657,"indent":1,"parameters":["Is Disabled? = true"]},{"code":357,"indent":1,"parameters":["PKD_MobileControls","ButtonState","Button State",{"buttonId":"3","active":"true"}]},{"code":657,"indent":1,"parameters":["Index = 3"]},{"code":657,"indent":1,"parameters":["Is Disabled? = true"]},{"code":357,"indent":1,"parameters":["PKD_MobileControls","ButtonVisible","Button Visibility",{"buttonId":"1","hidden":"true"}]},{"code":657,"indent":1,"parameters":["Index = 1"]},{"code":657,"indent":1,"parameters":["Is Hidden? = true"]},{"code":357,"indent":1,"parameters":["PKD_MobileControls","ButtonVisible","Button Visibility",{"buttonId":"2","hidden":"true"}]},{"code":657,"indent":1,"parameters":["Index = 2"]},{"code":657,"indent":1,"parameters":["Is Hidden? = true"]},{"code":357,"indent":1,"parameters":["PKD_MobileControls","ButtonVisible","Button Visibility",{"buttonId":"3","hidden":"true"}]},{"code":657,"indent":1,"parameters":["Index = 3"]},{"code":657,"indent":1,"parameters":["Is Hidden? = true"]},{"code":108,"indent":1,"parameters":["-----"]},{"code":357,"indent":1,"parameters":["PKD_MobileControls","ButtonState","Button State",{"buttonId":"4","active":"false"}]},{"code":657,"indent":1,"parameters":["Index = 4"]},{"code":657,"indent":1,"parameters":["Is Disabled? = false"]},{"code":357,"indent":1,"parameters":["PKD_MobileControls","ButtonVisible","Button Visibility",{"buttonId":"4","hidden":"false"}]},{"code":657,"indent":1,"parameters":["Index = 4"]},{"code":657,"indent":1,"parameters":["Is Hidden? = false"]},{"code":0,"indent":1,"parameters":[]},{"code":412,"indent":0,"parameters":[]},{"code":0,"indent":0,"parameters":[]}],"name":"Mobile_MashMinigameStart","switchId":1,"trigger":0},
{"id":39,"list":[{"code":111,"indent":0,"parameters":[12,"Utils.isMobileDevice();"]},{"code":108,"indent":1,"parameters":["Return mobile controls to what they were prior to the minigame"]},{"code":408,"indent":1,"parameters":["in both cases hide the special A button used for the minigame"]},{"code":408,"indent":1,"parameters":["and show the touch control toggle again"]},{"code":111,"indent":1,"parameters":[0,118,0]},{"code":357,"indent":2,"parameters":["PKD_MobileControls","JoyStickState","Joystick State",{"active":"true"}]},{"code":657,"indent":2,"parameters":["Is Disabled? = true"]},{"code":357,"indent":2,"parameters":["PKD_MobileControls","JoyStickVisible","Joystick Visibility",{"hidden":"true"}]},{"code":657,"indent":2,"parameters":["Is Hidden? = true"]},{"code":357,"indent":2,"parameters":["PKD_MobileControls","ButtonState","Button State",{"buttonId":"1","active":"true"}]},{"code":657,"indent":2,"parameters":["Index = 1"]},{"code":657,"indent":2,"parameters":["Is Disabled? = true"]},{"code":357,"indent":2,"parameters":["PKD_MobileControls","ButtonState","Button State",{"buttonId":"2","active":"true"}]},{"code":657,"indent":2,"parameters":["Index = 2"]},{"code":657,"indent":2,"parameters":["Is Disabled? = true"]},{"code":357,"indent":2,"parameters":["PKD_MobileControls","ButtonVisible","Button Visibility",{"buttonId":"1","hidden":"true"}]},{"code":657,"indent":2,"parameters":["Index = 1"]},{"code":657,"indent":2,"parameters":["Is Hidden? = true"]},{"code":357,"indent":2,"parameters":["PKD_MobileControls","ButtonVisible","Button Visibility",{"buttonId":"2","hidden":"true"}]},{"code":657,"indent":2,"parameters":["Index = 2"]},{"code":657,"indent":2,"parameters":["Is Hidden? = true"]},{"code":355,"indent":2,"parameters":["PKD_MobileControls.MAP_TOUCH = true;"]},{"code":0,"indent":2,"parameters":[]},{"code":411,"indent":1,"parameters":[]},{"code":357,"indent":2,"parameters":["PKD_MobileControls","JoyStickState","Joystick State",{"active":"false"}]},{"code":657,"indent":2,"parameters":["Is Disabled? = false"]},{"code":357,"indent":2,"parameters":["PKD_MobileControls","JoyStickVisible","Joystick Visibility",{"hidden":"false"}]},{"code":657,"indent":2,"parameters":["Is Hidden? = false"]},{"code":357,"indent":2,"parameters":["PKD_MobileControls","ButtonState","Button State",{"buttonId":"1","active":"false"}]},{"code":657,"indent":2,"parameters":["Index = 1"]},{"code":657,"indent":2,"parameters":["Is Disabled? = false"]},{"code":357,"indent":2,"parameters":["PKD_MobileControls","ButtonState","Button State",{"buttonId":"2","active":"false"}]},{"code":657,"indent":2,"parameters":["Index = 2"]},{"code":657,"indent":2,"parameters":["Is Disabled? = false"]},{"code":357,"indent":2,"parameters":["PKD_MobileControls","ButtonVisible","Button Visibility",{"buttonId":"1","hidden":"false"}]},{"code":657,"indent":2,"parameters":["Index = 1"]},{"code":657,"indent":2,"parameters":["Is Hidden? = false"]},{"code":357,"indent":2,"parameters":["PKD_MobileControls","ButtonVisible","Button Visibility",{"buttonId":"2","hidden":"false"}]},{"code":657,"indent":2,"parameters":["Index = 2"]},{"code":657,"indent":2,"parameters":["Is Hidden? = false"]},{"code":355,"indent":2,"parameters":["PKD_MobileControls.MAP_TOUCH = false;"]},{"code":0,"indent":2,"parameters":[]},{"code":412,"indent":1,"parameters":[]},{"code":108,"indent":1,"parameters":["-----"]},{"code":357,"indent":1,"parameters":["PKD_MobileControls","ButtonState","Button State",{"buttonId":"3","active":"false"}]},{"code":657,"indent":1,"parameters":["Index = 3"]},{"code":657,"indent":1,"parameters":["Is Disabled? = false"]},{"code":357,"indent":1,"parameters":["PKD_MobileControls","ButtonVisible","Button Visibility",{"buttonId":"3","hidden":"false"}]},{"code":657,"indent":1,"parameters":["Index = 3"]},{"code":657,"indent":1,"parameters":["Is Hidden? = false"]},{"code":357,"indent":1,"parameters":["PKD_MobileControls","ButtonState","Button State",{"buttonId":"4","active":"true"}]},{"code":657,"indent":1,"parameters":["Index = 4"]},{"code":657,"indent":1,"parameters":["Is Disabled? = true"]},{"code":357,"indent":1,"parameters":["PKD_MobileControls","ButtonVisible","Button Visibility",{"buttonId":"4","hidden":"true"}]},{"code":657,"indent":1,"parameters":["Index = 4"]},{"code":657,"indent":1,"parameters":["Is Hidden? = true"]},{"code":0,"indent":1,"parameters":[]},{"code":412,"indent":0,"parameters":[]},{"code":0,"indent":0,"parameters":[]}],"name":"Mobile_MashMinigameEnd","switchId":1,"trigger":0},
{"id":40,"list":[{"code":0,"indent":0,"parameters":[]}],"name":"","switchId":1,"trigger":0},
{"id":41,"list":[{"code":0,"indent":0,"parameters":[]}],"name":"","switchId":1,"trigger":0},
{"id":42,"list":[{"code":0,"indent":0,"parameters":[]}],"name":"","switchId":1,"trigger":0},
{"id":43,"list":[{"code":0,"indent":0,"parameters":[]}],"name":"","switchId":1,"trigger":0},
{"id":44,"list":[{"code":0,"indent":0,"parameters":[]}],"name":"","switchId":1,"trigger":0},
{"id":45,"list":[{"code":0,"indent":0,"parameters":[]}],"name":"","switchId":1,"trigger":0},
{"id":46,"list":[{"code":0,"indent":0,"parameters":[]}],"name":"","switchId":1,"trigger":0},
{"id":47,"list":[{"code":0,"indent":0,"parameters":[]}],"name":"","switchId":1,"trigger":0},
{"id":48,"list":[{"code":0,"indent":0,"parameters":[]}],"name":"","switchId":1,"trigger":0},
{"id":49,"list":[{"code":0,"indent":0,"parameters":[]}],"name":"","switchId":1,"trigger":0},
{"id":50,"list":[{"code":0,"indent":0,"parameters":[]}],"name":"","switchId":1,"trigger":0},
{"id":51,"list":[{"code":0,"indent":0,"parameters":[]}],"name":"","switchId":1,"trigger":0},
{"id":52,"list":[{"code":0,"indent":0,"parameters":[]}],"name":"","switchId":1,"trigger":0},
{"id":53,"list":[{"code":0,"indent":0,"parameters":[]}],"name":"","switchId":1,"trigger":0},
{"id":54,"list":[{"code":0,"indent":0,"parameters":[]}],"name":"","switchId":1,"trigger":0},
{"id":55,"list":[{"code":0,"indent":0,"parameters":[]}],"name":"","switchId":1,"trigger":0},
{"id":56,"list":[{"code":0,"indent":0,"parameters":[]}],"name":"","switchId":1,"trigger":0},
{"id":57,"list":[{"code":0,"indent":0,"parameters":[]}],"name":"","switchId":1,"trigger":0},
{"id":58,"list":[{"code":0,"indent":0,"parameters":[]}],"name":"","switchId":1,"trigger":0},
{"id":59,"list":[{"code":0,"indent":0,"parameters":[]}],"name":"","switchId":1,"trigger":0},
{"id":60,"list":[{"code":0,"indent":0,"parameters":[]}],"name":"","switchId":1,"trigger":0},
{"id":61,"list":[{"code":0,"indent":0,"parameters":[]}],"name":"","switchId":1,"trigger":0},
{"id":62,"list":[{"code":0,"indent":0,"parameters":[]}],"name":"","switchId":1,"trigger":0},
{"id":63,"list":[{"code":0,"indent":0,"parameters":[]}],"name":"","switchId":1,"trigger":0},
{"id":64,"list":[{"code":0,"indent":0,"parameters":[]}],"name":"","switchId":1,"trigger":0},
{"id":65,"list":[{"code":0,"indent":0,"parameters":[]}],"name":"","switchId":1,"trigger":0},
{"id":66,"list":[{"code":0,"indent":0,"parameters":[]}],"name":"","switchId":1,"trigger":0},
{"id":67,"list":[{"code":0,"indent":0,"parameters":[]}],"name":"","switchId":1,"trigger":0},
{"id":68,"list":[{"code":0,"indent":0,"parameters":[]}],"name":"","switchId":1,"trigger":0},
{"id":69,"list":[{"code":0,"indent":0,"parameters":[]}],"name":"","switchId":1,"trigger":0},
{"id":70,"list":[{"code":0,"indent":0,"parameters":[]}],"name":"","switchId":1,"trigger":0},
{"id":71,"list":[{"code":0,"indent":0,"parameters":[]}],"name":"","switchId":1,"trigger":0},
{"id":72,"list":[{"code":0,"indent":0,"parameters":[]}],"name":"","switchId":1,"trigger":0},
{"id":73,"list":[{"code":0,"indent":0,"parameters":[]}],"name":"","switchId":1,"trigger":0},
{"id":74,"list":[{"code":0,"indent":0,"parameters":[]}],"name":"","switchId":1,"trigger":0},
{"id":75,"list":[{"code":0,"indent":0,"parameters":[]}],"name":"","switchId":1,"trigger":0},
{"id":76,"list":[{"code":0,"indent":0,"parameters":[]}],"name":"","switchId":1,"trigger":0},
{"id":77,"list":[{"code":0,"indent":0,"parameters":[]}],"name":"","switchId":1,"trigger":0},
{"id":78,"list":[{"code":0,"indent":0,"parameters":[]}],"name":"","switchId":1,"trigger":0},
{"id":79,"list":[{"code":0,"indent":0,"parameters":[]}],"name":"","switchId":1,"trigger":0},
{"id":80,"list":[{"code":0,"indent":0,"parameters":[]}],"name":"","switchId":1,"trigger":0},
{"id":81,"list":[{"code":0,"indent":0,"parameters":[]}],"name":"","switchId":1,"trigger":0},
{"id":82,"list":[{"code":0,"indent":0,"parameters":[]}],"name":"","switchId":1,"trigger":0},
{"id":83,"list":[{"code":0,"indent":0,"parameters":[]}],"name":"","switchId":1,"trigger":0},
{"id":84,"list":[{"code":0,"indent":0,"parameters":[]}],"name":"","switchId":1,"trigger":0},
{"id":85,"list":[{"code":0,"indent":0,"parameters":[]}],"name":"","switchId":1,"trigger":0},
{"id":86,"list":[{"code":0,"indent":0,"parameters":[]}],"name":"","switchId":1,"trigger":0},
{"id":87,"list":[{"code":0,"indent":0,"parameters":[]}],"name":"","switchId":1,"trigger":0},
{"id":88,"list":[{"code":0,"indent":0,"parameters":[]}],"name":"","switchId":1,"trigger":0},
{"id":89,"list":[{"code":0,"indent":0,"parameters":[]}],"name":"","switchId":1,"trigger":0},
{"id":90,"list":[{"code":0,"indent":0,"parameters":[]}],"name":"","switchId":1,"trigger":0},
{"id":91,"list":[{"code":0,"indent":0,"parameters":[]}],"name":"","switchId":1,"trigger":0},
{"id":92,"list":[{"code":0,"indent":0,"parameters":[]}],"name":"","switchId":1,"trigger":0},
{"id":93,"list":[{"code":0,"indent":0,"parameters":[]}],"name":"","switchId":1,"trigger":0},
{"id":94,"list":[{"code":0,"indent":0,"parameters":[]}],"name":"","switchId":1,"trigger":0},
{"id":95,"list":[{"code":0,"indent":0,"parameters":[]}],"name":"","switchId":1,"trigger":0},
{"id":96,"list":[{"code":0,"indent":0,"parameters":[]}],"name":"","switchId":1,"trigger":0},
{"id":97,"list":[{"code":0,"indent":0,"parameters":[]}],"name":"","switchId":1,"trigger":0},
{"id":98,"list":[{"code":0,"indent":0,"parameters":[]}],"name":"","switchId":1,"trigger":0},
{"id":99,"list":[{"code":121,"indent":0,"parameters":[27,27,0]},{"code":0,"indent":0,"parameters":[]}],"name":"Mom's Exercise outfit","switchId":1,"trigger":0},
{"id":100,"list":[{"code":111,"indent":0,"parameters":[1,9,0,2,2]},{"code":101,"indent":1,"parameters":["",0,0,2,""]},{"code":401,"indent":1,"parameters":["\\n[1]:"]},{"code":401,"indent":1,"parameters":["It's safe at home in my desk, if it's "]},{"code":401,"indent":1,"parameters":["really important it'll come up again. Right?"]},{"code":0,"indent":1,"parameters":[]},{"code":412,"indent":0,"parameters":[]},{"code":0,"indent":0,"parameters":[]}],"name":"Mysterious Letter","switchId":1,"trigger":0},
{"id":101,"list":[{"code":0,"indent":0,"parameters":[]}],"name":"","switchId":1,"trigger":0},
{"id":102,"list":[{"code":0,"indent":0,"parameters":[]}],"name":"","switchId":1,"trigger":0},
{"id":103,"list":[{"code":0,"indent":0,"parameters":[]}],"name":"","switchId":1,"trigger":0},
{"id":104,"list":[{"code":0,"indent":0,"parameters":[]}],"name":"","switchId":1,"trigger":0},
{"id":105,"list":[{"code":0,"indent":0,"parameters":[]}],"name":"","switchId":1,"trigger":0},
{"id":106,"list":[{"code":0,"indent":0,"parameters":[]}],"name":"","switchId":1,"trigger":0},
{"id":107,"list":[{"code":122,"indent":0,"parameters":[234,234,0,0,1]},{"code":0,"indent":0,"parameters":[]}],"name":"Overlay Map Transparency 0","switchId":1,"trigger":0},
{"id":108,"list":[{"code":122,"indent":0,"parameters":[234,234,0,0,2]},{"code":0,"indent":0,"parameters":[]}],"name":"Overlay Map Transparency 1","switchId":1,"trigger":0},
{"id":109,"list":[{"code":122,"indent":0,"parameters":[234,234,0,0,3]},{"code":0,"indent":0,"parameters":[]}],"name":"Overlay Map Transparency 2","switchId":1,"trigger":0},
{"id":110,"list":[{"code":0,"indent":0,"parameters":[]}],"name":"","switchId":1,"trigger":0},
{"id":111,"list":[{"code":0,"indent":0,"parameters":[]}],"name":"","switchId":1,"trigger":0},
{"id":112,"list":[{"code":0,"indent":0,"parameters":[]}],"name":"","switchId":1,"trigger":0},
{"id":113,"list":[{"code":108,"indent":0,"parameters":["RESET THE BUTTON MASH EVENT VARIABLE."]},{"code":122,"indent":0,"parameters":[235,235,0,0,0]},{"code":108,"indent":0,"parameters":["SHOW THE IMAGES FOR THE BME BAR."]},{"code":231,"indent":0,"parameters":[18,"02_ButtonMashEvent/QTB-MainBar",0,0,381,660,100,100,0,0]},{"code":232,"indent":0,"parameters":[18,0,0,0,381,580,100,100,255,0,20,true,0]},{"code":231,"indent":0,"parameters":[19,"02_ButtonMashEvent/BME-MainBar",0,0,389,588,0,100,255,0]},{"code":231,"indent":0,"parameters":[20,"02_ButtonMashEvent/BME-PressOK1",0,0,484,660,100,100,0,0]},{"code":232,"indent":0,"parameters":[20,0,0,0,484,640,100,100,255,0,20,true,0]},{"code":108,"indent":0,"parameters":["THIS SCRIPT CALL ALLOWS YOU TO USE THE BME VARIABLE TO DETERMINE"]},{"code":408,"indent":0,"parameters":["THE WIDTH OF THE BAR. "]},{"code":355,"indent":0,"parameters":["$gameScreen.movePicture(19, 0, 389, 588, $gameVariables.value(235), 100, 255, 0, 20, 2)"]},{"code":108,"indent":0,"parameters":["ACTIVATE THE BME SWITCH SO THAT THE BAR WILL GRADUALLY DECREASE OVER TIME."]},{"code":408,"indent":0,"parameters":["GO TO COMMON EVENT 115: BME BAR DECREASE TO CONFIGURE THIS."]},{"code":121,"indent":0,"parameters":[208,208,0]},{"code":112,"indent":0,"parameters":[]},{"code":108,"indent":1,"parameters":["DISPLAY AN ANIMATION FOR WHEN THE PLAYER PRESSES OKAY."]},{"code":111,"indent":1,"parameters":[11,"ok",1]},{"code":231,"indent":2,"parameters":[20,"02_ButtonMashEvent/BME-PressOK2",0,0,484,640,100,100,255,0]},{"code":230,"indent":2,"parameters":[3]},{"code":231,"indent":2,"parameters":[20,"02_ButtonMashEvent/BME-PressOK1",0,0,484,640,100,100,255,0]},{"code":0,"indent":2,"parameters":[]},{"code":412,"indent":1,"parameters":[]},{"code":108,"indent":1,"parameters":["CHECK IF THE PLAYER HAS FILLED THE BAR."]},{"code":408,"indent":1,"parameters":["IF THE BME VARIABLE REACHES 100, THE BAR IS FILLED."]},{"code":408,"indent":1,"parameters":["THIS TURNS THE BME SWITCH OFF AND ACTIVATES SWITCH 209: BME SUCCESS"]},{"code":111,"indent":1,"parameters":[3,0,1]},{"code":122,"indent":2,"parameters":[192,192,0,0,1]},{"code":121,"indent":2,"parameters":[209,209,0]},{"code":121,"indent":2,"parameters":[208,208,1]},{"code":230,"indent":2,"parameters":[10]},{"code":232,"indent":2,"parameters":[18,0,0,0,381,580,100,100,0,0,20,false,0]},{"code":232,"indent":2,"parameters":[19,0,0,0,381,580,100,100,0,0,20,true,0]},{"code":232,"indent":2,"parameters":[20,0,0,0,360,430,100,100,0,0,20,true,0]},{"code":235,"indent":2,"parameters":[18]},{"code":235,"indent":2,"parameters":[19]},{"code":235,"indent":2,"parameters":[20]},{"code":113,"indent":2,"parameters":[]},{"code":0,"indent":2,"parameters":[]},{"code":412,"indent":1,"parameters":[]},{"code":111,"indent":1,"parameters":[1,235,0,100,1]},{"code":121,"indent":2,"parameters":[209,209,0]},{"code":122,"indent":2,"parameters":[192,192,0,0,2]},{"code":122,"indent":2,"parameters":[197,197,0,0,2]},{"code":121,"indent":2,"parameters":[208,208,1]},{"code":230,"indent":2,"parameters":[10]},{"code":232,"indent":2,"parameters":[18,0,0,0,381,580,100,100,0,0,20,false,0]},{"code":232,"indent":2,"parameters":[19,0,0,0,381,580,100,100,0,0,20,true,0]},{"code":232,"indent":2,"parameters":[20,0,0,0,360,430,100,100,0,0,20,true,0]},{"code":235,"indent":2,"parameters":[18]},{"code":235,"indent":2,"parameters":[19]},{"code":235,"indent":2,"parameters":[20]},{"code":113,"indent":2,"parameters":[]},{"code":0,"indent":2,"parameters":[]},{"code":412,"indent":1,"parameters":[]},{"code":230,"indent":1,"parameters":[1]},{"code":0,"indent":1,"parameters":[]},{"code":413,"indent":0,"parameters":[]},{"code":0,"indent":0,"parameters":[]}],"name":"Button Mash Bar","switchId":208,"trigger":1},
{"id":114,"list":[{"code":108,"indent":0,"parameters":["ADJUST THE BAR IMAGE TO SHOW HOW MUCH THE PLAYER HAS FILLED."]},{"code":355,"indent":0,"parameters":["$gameScreen.movePicture(19, 0, 389, 588, $gameVariables.value(235), 100, 255, 0, 5, 0)"]},{"code":108,"indent":0,"parameters":["CHECK IF THE PLAYER IS PRESSING CONFIRM. IF SO, THE BME VARIABLE WILL INCREASE."]},{"code":408,"indent":0,"parameters":["YOU CAN ADJUST THIS NUMBER TO CHANGE THE DIFFICULTY OF THE BUTTON MASH EVENT."]},{"code":111,"indent":0,"parameters":[11,"ok",1]},{"code":122,"indent":1,"parameters":[235,235,1,0,2]},{"code":0,"indent":1,"parameters":[]},{"code":412,"indent":0,"parameters":[]},{"code":108,"indent":0,"parameters":["IF THE BAR SOMEHOW DECREASES BELOW ZERO, THIS CONDITIONAL BRANCH WILL"]},{"code":408,"indent":0,"parameters":["SET IT BACK TO EXACTLY ZERO TO STOP THE BAR GOING BACKWARDS."]},{"code":111,"indent":0,"parameters":[1,235,0,0,2]},{"code":122,"indent":1,"parameters":[235,235,0,0,0]},{"code":0,"indent":1,"parameters":[]},{"code":412,"indent":0,"parameters":[]},{"code":108,"indent":0,"parameters":["IF THE BAR SOMEHOW INCREASES ABOVE 100, THIS CONDITIONAL BRANCH WILL"]},{"code":408,"indent":0,"parameters":["SET IT BACK TO EXACTLY 100 TO STOP THE BAR OVERFILLING."]},{"code":111,"indent":0,"parameters":[1,235,0,100,1]},{"code":122,"indent":1,"parameters":[235,235,0,0,100]},{"code":0,"indent":1,"parameters":[]},{"code":412,"indent":0,"parameters":[]},{"code":0,"indent":0,"parameters":[]}],"name":"Begin Button Mashing","switchId":208,"trigger":2},
{"id":115,"list":[{"code":108,"indent":0,"parameters":["OVER TIME, THIS GRADUALLY DECREASES THE BAR'S PROGRESS BY A CERTAIN AMOUNT."]},{"code":408,"indent":0,"parameters":["YOU CAN ADJUST THIS TO CHANGE THE DIFFICULTY OF THE BUTTON MASH EVENT."]},{"code":408,"indent":0,"parameters":["YOU CAN ALSO DELETE IT TO STOP THE BAR FROM DECREASING AT ALL."]},{"code":122,"indent":0,"parameters":[235,235,2,0,2]},{"code":108,"indent":0,"parameters":["IF THE BAR SOMEHOW DECREASES BELOW ZERO, THIS CONDITIONAL BRANCH WILL"]},{"code":408,"indent":0,"parameters":["SET IT BACK TO EXACTLY ZERO TO STOP THE BAR GOING BACKWARDS."]},{"code":111,"indent":0,"parameters":[1,235,0,0,2]},{"code":122,"indent":1,"parameters":[235,235,0,0,0]},{"code":0,"indent":1,"parameters":[]},{"code":412,"indent":0,"parameters":[]},{"code":108,"indent":0,"parameters":["ADJUST THE BAR IMAGE TO SHOW HOW MUCH THE PLAYER HAS FILLED."]},{"code":355,"indent":0,"parameters":["$gameScreen.movePicture(19, 0, 389, 588, $gameVariables.value(235), 100, 255, 0, 5, 0)"]},{"code":108,"indent":0,"parameters":["A WAIT FRAME FOR HOW QUICKLY THE BAR WILL DECREASE."]},{"code":408,"indent":0,"parameters":["YOU CAN ADJUST THIS TO MAKE IT DECREASE FASTER OR SLOWER."]},{"code":230,"indent":0,"parameters":[35]},{"code":0,"indent":0,"parameters":[]}],"name":"BME Bar Decrease","switchId":208,"trigger":2}
]