[
  null,
  [
    {
      "folder": "",
      "bitmap": "Apartment Items Overlay",
      "hue": 0,
      "x": 457,
      "y": 1198,
      "z": 4,
      "iconIndex": 0,
      "tileId": 0,
      "tileCols": 1,
      "tileRows": 1,
      "anchorX": 0.5,
      "anchorY": 1,
      "scaleX": 100,
      "scaleY": 100,
      "blend": 0,
      "opacity": 255,
      "xFrames": 1,
      "yFrames": 1,
      "frameUpdate": 20,
      "smooth": false,
      "positionType": "map",
      "angle": 0,
      "blur": false,
      "contrast": false,
      "sepia": false,
      "outline": false,
      "shadow": false,
      "glow": false
    },
    {
      "folder": "",
      "bitmap": "Apartment Items Base",
      "hue": 0,
      "x": 457,
      "y": 1199,
      "z": 1,
      "iconIndex": 0,
      "tileId": 0,
      "tileCols": 1,
      "tileRows": 1,
      "anchorX": 0.5,
      "anchorY": 1,
      "scaleX": 100,
      "scaleY": 100,
      "blend": 0,
      "opacity": 255,
      "xFrames": 1,
      "yFrames": 1,
      "frameUpdate": 20,
      "smooth": false,
      "positionType": "map",
      "angle": 0,
      "blur": false,
      "contrast": false,
      "sepia": false,
      "outline": false,
      "shadow": false,
      "glow": false
    }
  ],
  null,
  null,
  null,
  null,
  [
    {
      "folder": "",
      "bitmap": "Citizen_F_04a",
      "hue": 0,
      "x": 584,
      "y": 523,
      "z": 3,
      "iconIndex": 0,
      "tileId": 0,
      "tileCols": 1,
      "tileRows": 1,
      "anchorX": 0.5,
      "anchorY": 1,
      "scaleX": 100,
      "scaleY": 100,
      "blend": 0,
      "opacity": 255,
      "xFrames": 1,
      "yFrames": 1,
      "frameUpdate": 20,
      "smooth": false,
      "positionType": "map",
      "angle": 0,
      "blur": false,
      "contrast": false,
      "sepia": false,
      "outline": false,
      "shadow": false,
      "glow": false
    }
  ]
]