{
"autoplayBgm":false,"autoplayBgs":false,"battleback1Name":"","battleback2Name":"","bgm":{"name":"","pan":0,"pitch":100,"volume":90},"bgs":{"name":"","pan":0,"pitch":100,"volume":90},"disableDashing":false,"displayName":"","encounterList":[],"encounterStep":30,"height":12,"note":"","parallaxLoopX":false,"parallaxLoopY":false,"parallaxName":"!Debug_Room","parallaxShow":true,"parallaxSx":0,"parallaxSy":0,"scrollType":0,"specifyBattleback":false,"tilesetId":10,"width":12,
"data":[0,0,0,0,0,0,0,0,0,0,0,0,0,0,0,0,0,0,0,0,0,0,0,0,0,0,0,0,0,0,0,0,0,0,0,0,0,0,0,0,0,0,0,0,0,0,0,0,0,0,0,0,0,0,0,0,0,0,0,0,0,0,0,0,0,0,0,0,0,0,0,0,0,0,0,0,0,0,0,0,0,0,0,0,0,0,0,0,0,0,0,0,0,0,0,0,0,0,0,0,0,0,0,0,0,0,0,0,0,0,0,0,0,0,0,0,0,0,0,0,0,0,0,0,0,0,0,0,0,0,0,0,0,0,0,0,0,0,0,0,0,0,0,0,0,0,0,0,0,0,0,0,0,0,0,0,0,0,0,0,0,0,0,0,0,0,0,0,0,0,0,0,0,0,0,0,0,0,0,0,0,0,0,0,0,0,0,0,0,0,0,0,0,0,0,0,0,0,0,0,0,0,0,0,0,0,0,0,0,0,0,0,0,0,0,0,0,0,0,0,0,0,0,0,0,0,0,0,0,0,0,0,0,0,0,0,0,0,0,0,0,0,0,0,0,0,0,0,0,0,0,0,0,0,0,0,0,0,0,0,0,0,0,0,0,0,0,0,0,0,0,0,0,0,0,0,0,0,0,0,0,0,0,0,0,0,0,0,0,0,0,0,0,0,0,0,0,0,0,0,0,0,0,0,0,0,0,0,0,0,0,0,0,0,0,0,0,0,0,0,0,0,0,0,0,0,0,0,0,0,0,0,0,0,0,0,0,0,0,0,0,0,0,0,0,0,0,0,0,0,0,0,0,0,0,0,0,0,0,0,0,0,0,0,0,0,0,0,0,0,0,0,0,0,0,0,0,0,0,0,0,0,0,0,0,0,0,0,0,0,0,0,0,0,0,0,0,0,0,0,0,0,0,0,0,0,0,0,0,0,0,0,0,0,0,0,0,0,0,0,0,0,0,0,0,0,0,0,0,0,0,0,0,0,0,0,0,0,0,0,0,0,0,0,0,0,0,0,0,0,0,0,0,0,0,0,0,0,0,0,0,0,0,0,0,0,0,0,0,0,0,0,0,0,0,0,0,0,0,0,0,0,0,0,0,0,0,0,0,0,0,0,0,0,0,0,0,0,0,0,0,0,0,0,0,0,0,0,0,0,0,0,0,0,0,0,0,0,0,0,0,0,0,0,0,0,0,0,0,0,0,0,0,0,0,0,0,0,0,0,0,0,0,0,0,0,0,0,0,0,0,0,0,0,0,0,0,0,0,0,0,0,0,0,0,0,0,0,0,0,0,0,0,0,0,0,0,0,0,0,0,0,0,0,0,0,0,0,0,0,0,0,0,0,0,0,0,0,0,0,0,0,0,0,0,0,0,0,0,0,0,0,0,0,0,0,0,0,0,0,0,0,0,0,0,0,0,0,0,0,0,0,0,0,0,0,0,0,0,0,0,0,0,0,0,0,0,0,0,0,0,0,0,0,0,0,0,0,0,0,0,0,0,0,0,0,0,0,0,0,0,0,0,0,0,0,0,0,0,0,0,0,0,0,0,0,0,0,0,0,0,0,0,0,0,0,0,0,0,0,0,0,0,0,0,0,0,0,0,0,0,0,0,0,0,0,0,0,0,0,0,0,0,0,0,0,0,0,0,0,0,0,0,0,0,0,0,0,0,0,0,0,0,0,0,0,0,0,0,0,0,0,0,0,0,0,0,1,1,1,1,1,1,1,1,1,1,0,0,1,1,1,1,1,1,1,1,1,1,0,0,1,1,1,1,1,1,1,1,1,1,0,0,1,1,1,1,1,1,1,1,1,1,0,0,1,1,1,1,1,1,1,1,1,1,0,0,1,1,1,1,1,1,1,1,1,1,0,0,1,1,1,1,1,1,1,1,1,1,0,0,1,1,1,1,1,1,1,1,1,1,0,0,0,0,0,0,0,0,0,0,0,0,0],
"events":[
null,
{"id":1,"name":"ReadMe","note":"<Label: READ ME>","pages":[{"conditions":{"actorId":1,"actorValid":false,"itemId":1,"itemValid":false,"selfSwitchCh":"A","selfSwitchValid":false,"switch1Id":1,"switch1Valid":false,"switch2Id":1,"switch2Valid":false,"variableId":1,"variableValid":false,"variableValue":0},"directionFix":false,"image":{"tileId":0,"characterName":"Lilith","direction":2,"pattern":1,"characterIndex":0},"list":[{"code":101,"indent":0,"parameters":["",0,0,2,"Debug"]},{"code":401,"indent":0,"parameters":["This is the debug room. In here you can attempt to fix your"]},{"code":401,"indent":0,"parameters":["save file."]},{"code":101,"indent":0,"parameters":["",0,0,2,"Debug"]},{"code":401,"indent":0,"parameters":["During development, sometimes a bug can break a part of the"]},{"code":401,"indent":0,"parameters":["save file, such as being unable to progress with a specific"]},{"code":401,"indent":0,"parameters":["character."]},{"code":101,"indent":0,"parameters":["",0,0,2,"Debug"]},{"code":401,"indent":0,"parameters":["Despite us fixing these bugs, sometimes it's a bug which"]},{"code":401,"indent":0,"parameters":["compromises the save itself."]},{"code":401,"indent":0,"parameters":["This means if you have already run into the bug before it"]},{"code":401,"indent":0,"parameters":["was fixed, our patch may not fix the issue for you."]},{"code":101,"indent":0,"parameters":["",0,0,2,"Debug"]},{"code":401,"indent":0,"parameters":["In order to avoid the player having to restart the game to"]},{"code":401,"indent":0,"parameters":["fix the issue, the player can instead check this debug room"]},{"code":401,"indent":0,"parameters":["and see if there is a fix for their particular issue."]},{"code":101,"indent":0,"parameters":["",0,0,2,"Debug"]},{"code":401,"indent":0,"parameters":["If you're still having issues, please join our Discord."]},{"code":401,"indent":0,"parameters":["We provide support in the #help-and-bug-report channel."]},{"code":0,"indent":0,"parameters":[]}],"moveFrequency":3,"moveRoute":{"list":[{"code":0,"parameters":[]}],"repeat":true,"skippable":false,"wait":false},"moveSpeed":3,"moveType":0,"priorityType":1,"stepAnime":false,"through":false,"trigger":0,"walkAnime":true}],"x":3,"y":3},
{"id":2,"name":"Exit","note":"<Label: Exit>","pages":[{"conditions":{"actorId":1,"actorValid":false,"itemId":1,"itemValid":false,"selfSwitchCh":"A","selfSwitchValid":false,"switch1Id":1,"switch1Valid":false,"switch2Id":1,"switch2Valid":false,"variableId":1,"variableValid":false,"variableValue":0},"directionFix":true,"image":{"tileId":0,"characterName":"!Door3","direction":2,"pattern":0,"characterIndex":2},"list":[{"code":221,"indent":0,"parameters":[]},{"code":121,"indent":0,"parameters":[20,20,0]},{"code":121,"indent":0,"parameters":[23,23,1]},{"code":121,"indent":0,"parameters":[25,25,1]},{"code":121,"indent":0,"parameters":[26,26,0]},{"code":121,"indent":0,"parameters":[94,94,1]},{"code":357,"indent":0,"parameters":["VisuMZ_2_ExtMessageFunc","MsgButtonConsole","Message Button Console: Show/Hide",{"Visible:eval":"true"}]},{"code":657,"indent":0,"parameters":["Visible? = true"]},{"code":201,"indent":0,"parameters":[1,88,86,87,2,2]},{"code":222,"indent":0,"parameters":[]},{"code":0,"indent":0,"parameters":[]}],"moveFrequency":3,"moveRoute":{"list":[{"code":0,"parameters":[]}],"repeat":true,"skippable":false,"wait":false},"moveSpeed":3,"moveType":0,"priorityType":1,"stepAnime":false,"through":false,"trigger":0,"walkAnime":false}],"x":1,"y":2},
{"id":3,"name":"First Time In Debug Room","note":"","pages":[{"conditions":{"actorId":1,"actorValid":false,"itemId":1,"itemValid":false,"selfSwitchCh":"A","selfSwitchValid":false,"switch1Id":1,"switch1Valid":false,"switch2Id":1,"switch2Valid":false,"variableId":1,"variableValid":false,"variableValue":0},"directionFix":false,"image":{"characterIndex":0,"characterName":"","direction":2,"pattern":0,"tileId":0},"list":[{"code":355,"indent":0,"parameters":["$gameMap.event(1).start();"]},{"code":123,"indent":0,"parameters":["D",0]},{"code":0,"indent":0,"parameters":[]}],"moveFrequency":3,"moveRoute":{"list":[{"code":0,"parameters":[]}],"repeat":true,"skippable":false,"wait":false},"moveSpeed":3,"moveType":0,"priorityType":2,"stepAnime":false,"through":false,"trigger":4,"walkAnime":false},{"conditions":{"actorId":1,"actorValid":false,"itemId":1,"itemValid":false,"selfSwitchCh":"D","selfSwitchValid":true,"switch1Id":1,"switch1Valid":false,"switch2Id":1,"switch2Valid":false,"variableId":1,"variableValid":false,"variableValue":0},"directionFix":false,"image":{"characterIndex":0,"characterName":"","direction":2,"pattern":0,"tileId":0},"list":[{"code":0,"indent":0,"parameters":[]}],"moveFrequency":3,"moveRoute":{"list":[{"code":0,"parameters":[]}],"repeat":true,"skippable":false,"wait":false},"moveSpeed":3,"moveType":0,"priorityType":2,"stepAnime":false,"through":false,"trigger":0,"walkAnime":false}],"x":0,"y":0},
{"id":4,"name":"Dolly","note":"<Label: Dolly>","pages":[{"conditions":{"actorId":1,"actorValid":false,"itemId":1,"itemValid":true,"selfSwitchCh":"A","selfSwitchValid":false,"switch1Id":1,"switch1Valid":false,"switch2Id":1,"switch2Valid":false,"variableId":1,"variableValid":false,"variableValue":0},"directionFix":true,"image":{"tileId":0,"characterName":"CustomCharacters","direction":2,"pattern":1,"characterIndex":7},"list":[{"code":108,"indent":0,"parameters":["If the player has yet to visit the hospital for the first"]},{"code":408,"indent":0,"parameters":["time via the Main Story"]},{"code":111,"indent":0,"parameters":[1,90,0,4,4]},{"code":101,"indent":1,"parameters":["",0,0,1,"Debug"]},{"code":401,"indent":1,"parameters":["<Hide Button Console><center>"]},{"code":401,"indent":1,"parameters":["Detected that the player has yet to enter the hospital via"]},{"code":401,"indent":1,"parameters":["the Main Story quest, so there should be nothing to fix."]},{"code":101,"indent":1,"parameters":["",0,0,1,"Debug"]},{"code":401,"indent":1,"parameters":["<Hide Button Console><center>"]},{"code":401,"indent":1,"parameters":["Would you like to override and access the debug menu for Dolly"]},{"code":401,"indent":1,"parameters":["anyway? This may break your save, and is your own responsibility."]},{"code":102,"indent":1,"parameters":[["Cancel","Override"],0,0,1,0]},{"code":402,"indent":1,"parameters":[0,"Cancel"]},{"code":115,"indent":2,"parameters":[]},{"code":0,"indent":2,"parameters":[]},{"code":402,"indent":1,"parameters":[1,"Override"]},{"code":0,"indent":2,"parameters":[]},{"code":404,"indent":1,"parameters":[]},{"code":0,"indent":1,"parameters":[]},{"code":412,"indent":0,"parameters":[]},{"code":108,"indent":0,"parameters":["If the player teleported to the Debug_Room while anywhere in the Hospital"]},{"code":111,"indent":0,"parameters":[12,"$gameVariables.value(88) === 37 || $gameVariables.value(88) === 38 || $gameVariables.value(88) === 39 || $gameVariables.value(88) === 40 || $gameVariables.value(88) === 41 || $gameVariables.value(88) === 52 || $gameVariables.value(88) === 77 || $gameVariables.value(88) === 83 || $gameVariables.value(88) === 94; "]},{"code":101,"indent":1,"parameters":["",0,0,1,"Debug"]},{"code":401,"indent":1,"parameters":["<Hide Button Console><center>"]},{"code":401,"indent":1,"parameters":["You teleported to the debug room while somewhere in the hospital."]},{"code":101,"indent":1,"parameters":["",0,0,1,"Debug"]},{"code":401,"indent":1,"parameters":["<Hide Button Console><center>"]},{"code":401,"indent":1,"parameters":["In order to avoid any potential errors when modifying Dolly,"]},{"code":401,"indent":1,"parameters":["the debug room exit has been set to outside of the hospital."]},{"code":122,"indent":1,"parameters":[86,86,0,0,13]},{"code":122,"indent":1,"parameters":[87,87,0,0,13]},{"code":122,"indent":1,"parameters":[88,88,0,0,11]},{"code":0,"indent":1,"parameters":[]},{"code":412,"indent":0,"parameters":[]},{"code":101,"indent":0,"parameters":["",0,0,1,"Debug"]},{"code":401,"indent":0,"parameters":["<Hide Button Console><center>"]},{"code":401,"indent":0,"parameters":["Please make a save before you proceed."]},{"code":401,"indent":0,"parameters":["Make sure to not overwrite this save, so you can use it later."]},{"code":352,"indent":0,"parameters":[]},{"code":118,"indent":0,"parameters":["Start"]},{"code":101,"indent":0,"parameters":["",0,0,1,"Debug"]},{"code":401,"indent":0,"parameters":["<Hide Button Console><center>"]},{"code":401,"indent":0,"parameters":["Select an option to get more info."]},{"code":401,"indent":0,"parameters":["Nothing will be changed without confirmation."]},{"code":102,"indent":0,"parameters":[["Reset Dolly","Finish Dolly's content","Cancel"],2,0,1,0]},{"code":402,"indent":0,"parameters":[0,"Reset Dolly"]},{"code":101,"indent":1,"parameters":["",0,0,1,"Debug"]},{"code":401,"indent":1,"parameters":["<Hide Button Console><center>"]},{"code":401,"indent":1,"parameters":["This will reset Dolly back to before you first met her,"]},{"code":401,"indent":1,"parameters":["allowing you to replay her content from the beginning."]},{"code":101,"indent":1,"parameters":["",0,0,1,"Debug"]},{"code":401,"indent":1,"parameters":["<Hide Button Console><center>"]},{"code":401,"indent":1,"parameters":["Please keep in mind resetting Dolly will also reset"]},{"code":401,"indent":1,"parameters":["some of Maria, as the two of them are tied together."]},{"code":102,"indent":1,"parameters":[["Cancel","Reset Dolly"],0,0,1,0]},{"code":402,"indent":1,"parameters":[0,"Cancel"]},{"code":119,"indent":2,"parameters":["Start"]},{"code":0,"indent":2,"parameters":[]},{"code":402,"indent":1,"parameters":[1,"Reset Dolly"]},{"code":108,"indent":2,"parameters":["Remember that Dolly was reset"]},{"code":121,"indent":2,"parameters":[121,121,0]},{"code":108,"indent":2,"parameters":["Reset Maria"]},{"code":122,"indent":2,"parameters":[62,62,0,0,0]},{"code":108,"indent":2,"parameters":["Reset Maria's event in the research wing"]},{"code":357,"indent":2,"parameters":["VisuMZ_1_EventsMoveCore","SelfSwitchABCD","Self Switch: A B C D",{"MapId:eval":"41","EventId:eval":"19","Letter:str":"A","Break":"","Value:str":"OFF"}]},{"code":657,"indent":2,"parameters":["Map ID = 41"]},{"code":657,"indent":2,"parameters":["Event ID = 19"]},{"code":657,"indent":2,"parameters":["Letter = A"]},{"code":657,"indent":2,"parameters":["- = "]},{"code":657,"indent":2,"parameters":["Value = OFF"]},{"code":108,"indent":2,"parameters":["Quests"]},{"code":355,"indent":2,"parameters":["SQSM.ResetQuest(\"Dolly\");"]},{"code":355,"indent":2,"parameters":["SQSM.ResetQuest(\"Dolly2\");"]},{"code":108,"indent":2,"parameters":["Dolly's variable"]},{"code":122,"indent":2,"parameters":[61,61,0,0,0]},{"code":108,"indent":2,"parameters":["Window (where you first see Dolly)"]},{"code":357,"indent":2,"parameters":["VisuMZ_1_EventsMoveCore","SelfSwitchABCD","Self Switch: A B C D",{"MapId:eval":"38","EventId:eval":"4","Letter:str":"A","Break":"","Value:str":"OFF"}]},{"code":657,"indent":2,"parameters":["Map ID = 38"]},{"code":657,"indent":2,"parameters":["Event ID = 4"]},{"code":657,"indent":2,"parameters":["Letter = A"]},{"code":657,"indent":2,"parameters":["- = "]},{"code":657,"indent":2,"parameters":["Value = OFF"]},{"code":108,"indent":2,"parameters":["Sweeps (in the Maternity Ward)"]},{"code":357,"indent":2,"parameters":["VisuMZ_1_EventsMoveCore","SelfSwitchABCD","Self Switch: A B C D",{"MapId:eval":"38","EventId:eval":"8","Letter:str":"A","Break":"","Value:str":"OFF"}]},{"code":657,"indent":2,"parameters":["Map ID = 38"]},{"code":657,"indent":2,"parameters":["Event ID = 8"]},{"code":657,"indent":2,"parameters":["Letter = A"]},{"code":657,"indent":2,"parameters":["- = "]},{"code":657,"indent":2,"parameters":["Value = OFF"]},{"code":357,"indent":2,"parameters":["VisuMZ_1_EventsMoveCore","SelfSwitchABCD","Self Switch: A B C D",{"MapId:eval":"38","EventId:eval":"8","Letter:str":"B","Break":"","Value:str":"OFF"}]},{"code":657,"indent":2,"parameters":["Map ID = 38"]},{"code":657,"indent":2,"parameters":["Event ID = 8"]},{"code":657,"indent":2,"parameters":["Letter = B"]},{"code":657,"indent":2,"parameters":["- = "]},{"code":657,"indent":2,"parameters":["Value = OFF"]},{"code":357,"indent":2,"parameters":["VisuMZ_1_EventsMoveCore","SelfSwitchABCD","Self Switch: A B C D",{"MapId:eval":"38","EventId:eval":"8","Letter:str":"C","Break":"","Value:str":"OFF"}]},{"code":657,"indent":2,"parameters":["Map ID = 38"]},{"code":657,"indent":2,"parameters":["Event ID = 8"]},{"code":657,"indent":2,"parameters":["Letter = C"]},{"code":657,"indent":2,"parameters":["- = "]},{"code":657,"indent":2,"parameters":["Value = OFF"]},{"code":357,"indent":2,"parameters":["VisuMZ_1_EventsMoveCore","SelfSwitchABCD","Self Switch: A B C D",{"MapId:eval":"38","EventId:eval":"8","Letter:str":"D","Break":"","Value:str":"OFF"}]},{"code":657,"indent":2,"parameters":["Map ID = 38"]},{"code":657,"indent":2,"parameters":["Event ID = 8"]},{"code":657,"indent":2,"parameters":["Letter = D"]},{"code":657,"indent":2,"parameters":["- = "]},{"code":657,"indent":2,"parameters":["Value = OFF"]},{"code":108,"indent":2,"parameters":["Messes on the floor (Sweeps asks you to clean them up)"]},{"code":357,"indent":2,"parameters":["VisuMZ_1_EventsMoveCore","SelfSwitchABCD","Self Switch: A B C D",{"MapId:eval":"38","EventId:eval":"9","Letter:str":"D","Break":"","Value:str":"OFF"}]},{"code":657,"indent":2,"parameters":["Map ID = 38"]},{"code":657,"indent":2,"parameters":["Event ID = 9"]},{"code":657,"indent":2,"parameters":["Letter = D"]},{"code":657,"indent":2,"parameters":["- = "]},{"code":657,"indent":2,"parameters":["Value = OFF"]},{"code":357,"indent":2,"parameters":["VisuMZ_1_EventsMoveCore","SelfSwitchABCD","Self Switch: A B C D",{"MapId:eval":"38","EventId:eval":"10","Letter:str":"D","Break":"","Value:str":"OFF"}]},{"code":657,"indent":2,"parameters":["Map ID = 38"]},{"code":657,"indent":2,"parameters":["Event ID = 10"]},{"code":657,"indent":2,"parameters":["Letter = D"]},{"code":657,"indent":2,"parameters":["- = "]},{"code":657,"indent":2,"parameters":["Value = OFF"]},{"code":357,"indent":2,"parameters":["VisuMZ_1_EventsMoveCore","SelfSwitchABCD","Self Switch: A B C D",{"MapId:eval":"38","EventId:eval":"11","Letter:str":"D","Break":"","Value:str":"OFF"}]},{"code":657,"indent":2,"parameters":["Map ID = 38"]},{"code":657,"indent":2,"parameters":["Event ID = 11"]},{"code":657,"indent":2,"parameters":["Letter = D"]},{"code":657,"indent":2,"parameters":["- = "]},{"code":657,"indent":2,"parameters":["Value = OFF"]},{"code":357,"indent":2,"parameters":["VisuMZ_1_EventsMoveCore","SelfSwitchABCD","Self Switch: A B C D",{"MapId:eval":"38","EventId:eval":"12","Letter:str":"D","Break":"","Value:str":"OFF"}]},{"code":657,"indent":2,"parameters":["Map ID = 38"]},{"code":657,"indent":2,"parameters":["Event ID = 12"]},{"code":657,"indent":2,"parameters":["Letter = D"]},{"code":657,"indent":2,"parameters":["- = "]},{"code":657,"indent":2,"parameters":["Value = OFF"]},{"code":357,"indent":2,"parameters":["VisuMZ_1_EventsMoveCore","SelfSwitchABCD","Self Switch: A B C D",{"MapId:eval":"38","EventId:eval":"13","Letter:str":"D","Break":"","Value:str":"OFF"}]},{"code":657,"indent":2,"parameters":["Map ID = 38"]},{"code":657,"indent":2,"parameters":["Event ID = 13"]},{"code":657,"indent":2,"parameters":["Letter = D"]},{"code":657,"indent":2,"parameters":["- = "]},{"code":657,"indent":2,"parameters":["Value = OFF"]},{"code":108,"indent":2,"parameters":["Timer for the messes on the floor"]},{"code":357,"indent":2,"parameters":["VisuMZ_1_EventsMoveCore","SelfSwitchABCD","Self Switch: A B C D",{"MapId:eval":"38","EventId:eval":"14","Letter:str":"A","Break":"","Value:str":"OFF"}]},{"code":657,"indent":2,"parameters":["Map ID = 38"]},{"code":657,"indent":2,"parameters":["Event ID = 14"]},{"code":657,"indent":2,"parameters":["Letter = A"]},{"code":657,"indent":2,"parameters":["- = "]},{"code":657,"indent":2,"parameters":["Value = OFF"]},{"code":108,"indent":2,"parameters":["Door into the Nursery"]},{"code":121,"indent":2,"parameters":[58,58,1]},{"code":108,"indent":2,"parameters":["####"]},{"code":408,"indent":2,"parameters":["####"]},{"code":408,"indent":2,"parameters":["Maybe reset Sweep's variable? Depends on if the lobby"]},{"code":408,"indent":2,"parameters":["cleaning job breaks"]},{"code":408,"indent":2,"parameters":["####"]},{"code":408,"indent":2,"parameters":["####"]},{"code":108,"indent":2,"parameters":["Nursery door (to room Dolly is in)"]},{"code":357,"indent":2,"parameters":["VisuMZ_1_EventsMoveCore","SelfSwitchABCD","Self Switch: A B C D",{"MapId:eval":"52","EventId:eval":"1","Letter:str":"A","Break":"","Value:str":"OFF"}]},{"code":657,"indent":2,"parameters":["Map ID = 52"]},{"code":657,"indent":2,"parameters":["Event ID = 1"]},{"code":657,"indent":2,"parameters":["Letter = A"]},{"code":657,"indent":2,"parameters":["- = "]},{"code":657,"indent":2,"parameters":["Value = OFF"]},{"code":108,"indent":2,"parameters":["Dolly's event in the nursery"]},{"code":357,"indent":2,"parameters":["VisuMZ_1_EventsMoveCore","SelfSwitchABCD","Self Switch: A B C D",{"MapId:eval":"52","EventId:eval":"2","Letter:str":"A","Break":"","Value:str":"OFF"}]},{"code":657,"indent":2,"parameters":["Map ID = 52"]},{"code":657,"indent":2,"parameters":["Event ID = 2"]},{"code":657,"indent":2,"parameters":["Letter = A"]},{"code":657,"indent":2,"parameters":["- = "]},{"code":657,"indent":2,"parameters":["Value = OFF"]},{"code":108,"indent":2,"parameters":["Science experiments in the research wing (for causing a distraction)"]},{"code":357,"indent":2,"parameters":["VisuMZ_1_EventsMoveCore","SelfSwitchABCD","Self Switch: A B C D",{"MapId:eval":"41","EventId:eval":"20","Letter:str":"A","Break":"","Value:str":"OFF"}]},{"code":657,"indent":2,"parameters":["Map ID = 41"]},{"code":657,"indent":2,"parameters":["Event ID = 20"]},{"code":657,"indent":2,"parameters":["Letter = A"]},{"code":657,"indent":2,"parameters":["- = "]},{"code":657,"indent":2,"parameters":["Value = OFF"]},{"code":357,"indent":2,"parameters":["VisuMZ_1_EventsMoveCore","SelfSwitchABCD","Self Switch: A B C D",{"MapId:eval":"41","EventId:eval":"21","Letter:str":"A","Break":"","Value:str":"OFF"}]},{"code":657,"indent":2,"parameters":["Map ID = 41"]},{"code":657,"indent":2,"parameters":["Event ID = 21"]},{"code":657,"indent":2,"parameters":["Letter = A"]},{"code":657,"indent":2,"parameters":["- = "]},{"code":657,"indent":2,"parameters":["Value = OFF"]},{"code":357,"indent":2,"parameters":["VisuMZ_1_EventsMoveCore","SelfSwitchABCD","Self Switch: A B C D",{"MapId:eval":"41","EventId:eval":"22","Letter:str":"A","Break":"","Value:str":"OFF"}]},{"code":657,"indent":2,"parameters":["Map ID = 41"]},{"code":657,"indent":2,"parameters":["Event ID = 22"]},{"code":657,"indent":2,"parameters":["Letter = A"]},{"code":657,"indent":2,"parameters":["- = "]},{"code":657,"indent":2,"parameters":["Value = OFF"]},{"code":357,"indent":2,"parameters":["VisuMZ_1_EventsMoveCore","SelfSwitchABCD","Self Switch: A B C D",{"MapId:eval":"41","EventId:eval":"23","Letter:str":"A","Break":"","Value:str":"OFF"}]},{"code":657,"indent":2,"parameters":["Map ID = 41"]},{"code":657,"indent":2,"parameters":["Event ID = 23"]},{"code":657,"indent":2,"parameters":["Letter = A"]},{"code":657,"indent":2,"parameters":["- = "]},{"code":657,"indent":2,"parameters":["Value = OFF"]},{"code":357,"indent":2,"parameters":["VisuMZ_1_EventsMoveCore","SelfSwitchABCD","Self Switch: A B C D",{"MapId:eval":"41","EventId:eval":"24","Letter:str":"A","Break":"","Value:str":"OFF"}]},{"code":657,"indent":2,"parameters":["Map ID = 41"]},{"code":657,"indent":2,"parameters":["Event ID = 24"]},{"code":657,"indent":2,"parameters":["Letter = A"]},{"code":657,"indent":2,"parameters":["- = "]},{"code":657,"indent":2,"parameters":["Value = OFF"]},{"code":250,"indent":2,"parameters":[{"name":"Computer","volume":90,"pitch":100,"pan":0}]},{"code":101,"indent":2,"parameters":["",0,0,1,"Debug"]},{"code":401,"indent":2,"parameters":["<Hide Button Console><center>"]},{"code":401,"indent":2,"parameters":["Dolly has been reset!"]},{"code":101,"indent":2,"parameters":["",0,0,1,"Debug"]},{"code":401,"indent":2,"parameters":["<Hide Button Console><center>"]},{"code":401,"indent":2,"parameters":["You will now be teleported to the event,"]},{"code":401,"indent":2,"parameters":["and it will begin playing automatically."]},{"code":201,"indent":2,"parameters":[0,38,20,6,8,0]},{"code":230,"indent":2,"parameters":[5]},{"code":355,"indent":2,"parameters":["$gameMap.event(4).start();"]},{"code":0,"indent":2,"parameters":[]},{"code":404,"indent":1,"parameters":[]},{"code":0,"indent":1,"parameters":[]},{"code":402,"indent":0,"parameters":[1,"Finish Dolly's content"]},{"code":101,"indent":1,"parameters":["",0,0,1,"Debug"]},{"code":401,"indent":1,"parameters":["<Hide Button Console><center>"]},{"code":401,"indent":1,"parameters":["This will forcibly set Dolly to be completed, giving"]},{"code":401,"indent":1,"parameters":["the player access to all her repeatable and replay events."]},{"code":102,"indent":1,"parameters":[["Cancel","Finish Dolly's content"],0,0,1,0]},{"code":402,"indent":1,"parameters":[0,"Cancel"]},{"code":119,"indent":2,"parameters":["Start"]},{"code":0,"indent":2,"parameters":[]},{"code":402,"indent":1,"parameters":[1,"Finish Dolly's content"]},{"code":108,"indent":2,"parameters":["Remember that Dolly was made to be finished"]},{"code":121,"indent":2,"parameters":[122,122,0]},{"code":108,"indent":2,"parameters":["Maria"]},{"code":122,"indent":2,"parameters":[62,62,0,0,2]},{"code":108,"indent":2,"parameters":["Maria's event in the research wing"]},{"code":357,"indent":2,"parameters":["VisuMZ_1_EventsMoveCore","SelfSwitchABCD","Self Switch: A B C D",{"MapId:eval":"41","EventId:eval":"19","Letter:str":"A","Break":"","Value:str":"ON"}]},{"code":657,"indent":2,"parameters":["Map ID = 41"]},{"code":657,"indent":2,"parameters":["Event ID = 19"]},{"code":657,"indent":2,"parameters":["Letter = A"]},{"code":657,"indent":2,"parameters":["- = "]},{"code":657,"indent":2,"parameters":["Value = ON"]},{"code":108,"indent":2,"parameters":["Quests"]},{"code":355,"indent":2,"parameters":["SQSM.ResetQuest(\"Dolly\");"]},{"code":355,"indent":2,"parameters":["SQSM.AddQuest(\"Dolly\");"]},{"code":355,"indent":2,"parameters":["SQSM.ShowTaskForQuest(\"Dolly\", 1);"]},{"code":355,"indent":2,"parameters":["SQSM.CompleteTaskForQuest(\"Dolly\", 1);"]},{"code":355,"indent":2,"parameters":["SQSM.ShowTaskForQuest(\"Dolly\", 2);"]},{"code":355,"indent":2,"parameters":["SQSM.CompleteTaskForQuest(\"Dolly\", 2);"]},{"code":355,"indent":2,"parameters":["SQSM.ShowTaskForQuest(\"Dolly\", 3);"]},{"code":355,"indent":2,"parameters":["SQSM.CompleteTaskForQuest(\"Dolly\", 3);"]},{"code":355,"indent":2,"parameters":["SQSM.ShowTaskForQuest(\"Dolly\", 4);"]},{"code":355,"indent":2,"parameters":["SQSM.CompleteTaskForQuest(\"Dolly\", 4);"]},{"code":355,"indent":2,"parameters":["SQSM.ShowTaskForQuest(\"Dolly\", 5);"]},{"code":355,"indent":2,"parameters":["SQSM.CompleteTaskForQuest(\"Dolly\", 5);"]},{"code":355,"indent":2,"parameters":["SQSM.CompletQuest(\"Dolly\");"]},{"code":355,"indent":2,"parameters":["SQSM.ResetQuest(\"Dolly2\");"]},{"code":355,"indent":2,"parameters":["SQSM.AddQuest(\"Dolly2\");"]},{"code":355,"indent":2,"parameters":["SQSM.ShowTaskForQuest(\"Dolly2\", 1);"]},{"code":355,"indent":2,"parameters":["SQSM.CompleteTaskForQuest(\"Dolly2\", 1);"]},{"code":355,"indent":2,"parameters":["SQSM.ShowTaskForQuest(\"Dolly2\", 2);"]},{"code":355,"indent":2,"parameters":["SQSM.CompleteTaskForQuest(\"Dolly2\", 2);"]},{"code":355,"indent":2,"parameters":["SQSM.ShowTaskForQuest(\"Dolly2\", 3);"]},{"code":355,"indent":2,"parameters":["SQSM.CompleteTaskForQuest(\"Dolly2\", 3);"]},{"code":355,"indent":2,"parameters":["SQSM.ShowTaskForQuest(\"Dolly2\", 4);"]},{"code":355,"indent":2,"parameters":["SQSM.CompleteTaskForQuest(\"Dolly2\", 4);"]},{"code":355,"indent":2,"parameters":["SQSM.ShowTaskForQuest(\"Dolly2\", 5);"]},{"code":355,"indent":2,"parameters":["SQSM.CompleteTaskForQuest(\"Dolly2\", 5);"]},{"code":355,"indent":2,"parameters":["SQSM.CompletQuest(\"Dolly2\");"]},{"code":108,"indent":2,"parameters":["Dolly's variable"]},{"code":122,"indent":2,"parameters":[61,61,0,0,7]},{"code":108,"indent":2,"parameters":["Window (where you first see Dolly)"]},{"code":357,"indent":2,"parameters":["VisuMZ_1_EventsMoveCore","SelfSwitchABCD","Self Switch: A B C D",{"MapId:eval":"38","EventId:eval":"4","Letter:str":"A","Break":"","Value:str":"ON"}]},{"code":657,"indent":2,"parameters":["Map ID = 38"]},{"code":657,"indent":2,"parameters":["Event ID = 4"]},{"code":657,"indent":2,"parameters":["Letter = A"]},{"code":657,"indent":2,"parameters":["- = "]},{"code":657,"indent":2,"parameters":["Value = ON"]},{"code":108,"indent":2,"parameters":["Sweeps (in the Maternity Ward)"]},{"code":357,"indent":2,"parameters":["VisuMZ_1_EventsMoveCore","SelfSwitchABCD","Self Switch: A B C D",{"MapId:eval":"38","EventId:eval":"8","Letter:str":"A","Break":"","Value:str":"ON"}]},{"code":657,"indent":2,"parameters":["Map ID = 38"]},{"code":657,"indent":2,"parameters":["Event ID = 8"]},{"code":657,"indent":2,"parameters":["Letter = A"]},{"code":657,"indent":2,"parameters":["- = "]},{"code":657,"indent":2,"parameters":["Value = ON"]},{"code":357,"indent":2,"parameters":["VisuMZ_1_EventsMoveCore","SelfSwitchABCD","Self Switch: A B C D",{"MapId:eval":"38","EventId:eval":"8","Letter:str":"B","Break":"","Value:str":"ON"}]},{"code":657,"indent":2,"parameters":["Map ID = 38"]},{"code":657,"indent":2,"parameters":["Event ID = 8"]},{"code":657,"indent":2,"parameters":["Letter = B"]},{"code":657,"indent":2,"parameters":["- = "]},{"code":657,"indent":2,"parameters":["Value = ON"]},{"code":357,"indent":2,"parameters":["VisuMZ_1_EventsMoveCore","SelfSwitchABCD","Self Switch: A B C D",{"MapId:eval":"38","EventId:eval":"8","Letter:str":"C","Break":"","Value:str":"ON"}]},{"code":657,"indent":2,"parameters":["Map ID = 38"]},{"code":657,"indent":2,"parameters":["Event ID = 8"]},{"code":657,"indent":2,"parameters":["Letter = C"]},{"code":657,"indent":2,"parameters":["- = "]},{"code":657,"indent":2,"parameters":["Value = ON"]},{"code":357,"indent":2,"parameters":["VisuMZ_1_EventsMoveCore","SelfSwitchABCD","Self Switch: A B C D",{"MapId:eval":"38","EventId:eval":"8","Letter:str":"D","Break":"","Value:str":"ON"}]},{"code":657,"indent":2,"parameters":["Map ID = 38"]},{"code":657,"indent":2,"parameters":["Event ID = 8"]},{"code":657,"indent":2,"parameters":["Letter = D"]},{"code":657,"indent":2,"parameters":["- = "]},{"code":657,"indent":2,"parameters":["Value = ON"]},{"code":108,"indent":2,"parameters":["Messes on the floor (Sweeps asks you to clean them up)"]},{"code":357,"indent":2,"parameters":["VisuMZ_1_EventsMoveCore","SelfSwitchABCD","Self Switch: A B C D",{"MapId:eval":"38","EventId:eval":"9","Letter:str":"D","Break":"","Value:str":"ON"}]},{"code":657,"indent":2,"parameters":["Map ID = 38"]},{"code":657,"indent":2,"parameters":["Event ID = 9"]},{"code":657,"indent":2,"parameters":["Letter = D"]},{"code":657,"indent":2,"parameters":["- = "]},{"code":657,"indent":2,"parameters":["Value = ON"]},{"code":357,"indent":2,"parameters":["VisuMZ_1_EventsMoveCore","SelfSwitchABCD","Self Switch: A B C D",{"MapId:eval":"38","EventId:eval":"10","Letter:str":"D","Break":"","Value:str":"ON"}]},{"code":657,"indent":2,"parameters":["Map ID = 38"]},{"code":657,"indent":2,"parameters":["Event ID = 10"]},{"code":657,"indent":2,"parameters":["Letter = D"]},{"code":657,"indent":2,"parameters":["- = "]},{"code":657,"indent":2,"parameters":["Value = ON"]},{"code":357,"indent":2,"parameters":["VisuMZ_1_EventsMoveCore","SelfSwitchABCD","Self Switch: A B C D",{"MapId:eval":"38","EventId:eval":"11","Letter:str":"D","Break":"","Value:str":"ON"}]},{"code":657,"indent":2,"parameters":["Map ID = 38"]},{"code":657,"indent":2,"parameters":["Event ID = 11"]},{"code":657,"indent":2,"parameters":["Letter = D"]},{"code":657,"indent":2,"parameters":["- = "]},{"code":657,"indent":2,"parameters":["Value = ON"]},{"code":357,"indent":2,"parameters":["VisuMZ_1_EventsMoveCore","SelfSwitchABCD","Self Switch: A B C D",{"MapId:eval":"38","EventId:eval":"12","Letter:str":"D","Break":"","Value:str":"ON"}]},{"code":657,"indent":2,"parameters":["Map ID = 38"]},{"code":657,"indent":2,"parameters":["Event ID = 12"]},{"code":657,"indent":2,"parameters":["Letter = D"]},{"code":657,"indent":2,"parameters":["- = "]},{"code":657,"indent":2,"parameters":["Value = ON"]},{"code":357,"indent":2,"parameters":["VisuMZ_1_EventsMoveCore","SelfSwitchABCD","Self Switch: A B C D",{"MapId:eval":"38","EventId:eval":"13","Letter:str":"D","Break":"","Value:str":"ON"}]},{"code":657,"indent":2,"parameters":["Map ID = 38"]},{"code":657,"indent":2,"parameters":["Event ID = 13"]},{"code":657,"indent":2,"parameters":["Letter = D"]},{"code":657,"indent":2,"parameters":["- = "]},{"code":657,"indent":2,"parameters":["Value = ON"]},{"code":108,"indent":2,"parameters":["Timer for the messes on the floor"]},{"code":357,"indent":2,"parameters":["VisuMZ_1_EventsMoveCore","SelfSwitchABCD","Self Switch: A B C D",{"MapId:eval":"38","EventId:eval":"14","Letter:str":"A","Break":"","Value:str":"ON"}]},{"code":657,"indent":2,"parameters":["Map ID = 38"]},{"code":657,"indent":2,"parameters":["Event ID = 14"]},{"code":657,"indent":2,"parameters":["Letter = A"]},{"code":657,"indent":2,"parameters":["- = "]},{"code":657,"indent":2,"parameters":["Value = ON"]},{"code":108,"indent":2,"parameters":["Door into the Nursery"]},{"code":121,"indent":2,"parameters":[58,58,0]},{"code":108,"indent":2,"parameters":["####"]},{"code":408,"indent":2,"parameters":["####"]},{"code":408,"indent":2,"parameters":["Maybe reset Sweep's variable? Depends on if the lobby"]},{"code":408,"indent":2,"parameters":["cleaning job breaks"]},{"code":408,"indent":2,"parameters":["####"]},{"code":408,"indent":2,"parameters":["####"]},{"code":108,"indent":2,"parameters":["Nursery door (to room Dolly is in)"]},{"code":357,"indent":2,"parameters":["VisuMZ_1_EventsMoveCore","SelfSwitchABCD","Self Switch: A B C D",{"MapId:eval":"52","EventId:eval":"1","Letter:str":"A","Break":"","Value:str":"ON"}]},{"code":657,"indent":2,"parameters":["Map ID = 52"]},{"code":657,"indent":2,"parameters":["Event ID = 1"]},{"code":657,"indent":2,"parameters":["Letter = A"]},{"code":657,"indent":2,"parameters":["- = "]},{"code":657,"indent":2,"parameters":["Value = ON"]},{"code":108,"indent":2,"parameters":["Dolly's event in the nursery"]},{"code":357,"indent":2,"parameters":["VisuMZ_1_EventsMoveCore","SelfSwitchABCD","Self Switch: A B C D",{"MapId:eval":"52","EventId:eval":"2","Letter:str":"A","Break":"","Value:str":"ON"}]},{"code":657,"indent":2,"parameters":["Map ID = 52"]},{"code":657,"indent":2,"parameters":["Event ID = 2"]},{"code":657,"indent":2,"parameters":["Letter = A"]},{"code":657,"indent":2,"parameters":["- = "]},{"code":657,"indent":2,"parameters":["Value = ON"]},{"code":108,"indent":2,"parameters":["Science experiments in the research wing (for causing a distraction)"]},{"code":357,"indent":2,"parameters":["VisuMZ_1_EventsMoveCore","SelfSwitchABCD","Self Switch: A B C D",{"MapId:eval":"41","EventId:eval":"20","Letter:str":"A","Break":"","Value:str":"ON"}]},{"code":657,"indent":2,"parameters":["Map ID = 41"]},{"code":657,"indent":2,"parameters":["Event ID = 20"]},{"code":657,"indent":2,"parameters":["Letter = A"]},{"code":657,"indent":2,"parameters":["- = "]},{"code":657,"indent":2,"parameters":["Value = ON"]},{"code":357,"indent":2,"parameters":["VisuMZ_1_EventsMoveCore","SelfSwitchABCD","Self Switch: A B C D",{"MapId:eval":"41","EventId:eval":"21","Letter:str":"A","Break":"","Value:str":"ON"}]},{"code":657,"indent":2,"parameters":["Map ID = 41"]},{"code":657,"indent":2,"parameters":["Event ID = 21"]},{"code":657,"indent":2,"parameters":["Letter = A"]},{"code":657,"indent":2,"parameters":["- = "]},{"code":657,"indent":2,"parameters":["Value = ON"]},{"code":357,"indent":2,"parameters":["VisuMZ_1_EventsMoveCore","SelfSwitchABCD","Self Switch: A B C D",{"MapId:eval":"41","EventId:eval":"22","Letter:str":"A","Break":"","Value:str":"ON"}]},{"code":657,"indent":2,"parameters":["Map ID = 41"]},{"code":657,"indent":2,"parameters":["Event ID = 22"]},{"code":657,"indent":2,"parameters":["Letter = A"]},{"code":657,"indent":2,"parameters":["- = "]},{"code":657,"indent":2,"parameters":["Value = ON"]},{"code":357,"indent":2,"parameters":["VisuMZ_1_EventsMoveCore","SelfSwitchABCD","Self Switch: A B C D",{"MapId:eval":"41","EventId:eval":"23","Letter:str":"A","Break":"","Value:str":"ON"}]},{"code":657,"indent":2,"parameters":["Map ID = 41"]},{"code":657,"indent":2,"parameters":["Event ID = 23"]},{"code":657,"indent":2,"parameters":["Letter = A"]},{"code":657,"indent":2,"parameters":["- = "]},{"code":657,"indent":2,"parameters":["Value = ON"]},{"code":357,"indent":2,"parameters":["VisuMZ_1_EventsMoveCore","SelfSwitchABCD","Self Switch: A B C D",{"MapId:eval":"41","EventId:eval":"24","Letter:str":"A","Break":"","Value:str":"ON"}]},{"code":657,"indent":2,"parameters":["Map ID = 41"]},{"code":657,"indent":2,"parameters":["Event ID = 24"]},{"code":657,"indent":2,"parameters":["Letter = A"]},{"code":657,"indent":2,"parameters":["- = "]},{"code":657,"indent":2,"parameters":["Value = ON"]},{"code":250,"indent":2,"parameters":[{"name":"Computer","volume":90,"pitch":100,"pan":0}]},{"code":101,"indent":2,"parameters":["",0,0,1,"Debug"]},{"code":401,"indent":2,"parameters":["<Hide Button Console><center>"]},{"code":401,"indent":2,"parameters":["Dolly has been forcibly completed!"]},{"code":101,"indent":2,"parameters":["",0,0,1,"Debug"]},{"code":401,"indent":2,"parameters":["<Hide Button Console><center>"]},{"code":401,"indent":2,"parameters":["Her repeatable events and events"]},{"code":401,"indent":2,"parameters":["in the replay room are now all available."]},{"code":0,"indent":2,"parameters":[]},{"code":404,"indent":1,"parameters":[]},{"code":0,"indent":1,"parameters":[]},{"code":402,"indent":0,"parameters":[2,"Cancel"]},{"code":0,"indent":1,"parameters":[]},{"code":404,"indent":0,"parameters":[]},{"code":0,"indent":0,"parameters":[]}],"moveFrequency":3,"moveRoute":{"list":[{"code":0,"parameters":[]}],"repeat":true,"skippable":false,"wait":false},"moveSpeed":3,"moveType":0,"priorityType":1,"stepAnime":false,"through":false,"trigger":0,"walkAnime":false}],"x":4,"y":7},
null,
null,
null,
null,
null,
null
]
}