{
"autoplayBgm":true,"autoplayBgs":false,"battleback1Name":"","battleback2Name":"","bgm":{"name":"INSIDE","pan":0,"pitch":100,"volume":90},"bgs":{"name":"","pan":0,"pitch":100,"volume":90},"disableDashing":false,"displayName":"","encounterList":[],"encounterStep":30,"height":15,"note":"","parallaxLoopX":false,"parallaxLoopY":false,"parallaxName":"!PizzaLobby","parallaxShow":true,"parallaxSx":0,"parallaxSy":0,"scrollType":0,"specifyBattleback":false,"tilesetId":10,"width":22,
"data":[0,0,0,0,0,0,0,0,0,0,0,0,0,0,0,0,0,0,0,0,0,0,0,0,0,0,0,0,0,0,0,0,0,0,0,0,0,0,0,0,0,0,0,0,0,0,0,0,0,0,0,0,0,0,0,0,0,0,0,0,0,0,0,0,0,0,0,0,0,0,0,0,0,0,0,0,0,0,0,0,0,0,0,0,0,0,0,0,0,0,0,0,0,0,0,0,0,0,0,0,0,0,0,0,0,0,0,0,0,0,0,0,0,0,0,0,0,0,0,0,0,0,0,0,0,0,0,0,0,0,0,0,0,0,0,0,0,0,0,0,0,0,0,0,0,0,0,0,0,0,0,0,0,0,0,0,0,0,0,0,0,0,0,0,0,0,0,0,0,0,0,0,0,0,0,0,0,0,0,0,0,0,0,0,0,0,0,0,0,0,0,0,0,0,0,0,0,0,0,0,0,0,0,0,0,0,0,0,0,0,0,0,0,0,0,0,0,0,0,0,0,0,0,0,0,0,0,0,0,0,0,0,0,0,0,0,0,0,0,0,0,0,0,0,0,0,0,0,0,0,0,0,0,0,0,0,0,0,0,0,0,0,0,0,0,0,0,0,0,0,0,0,0,0,0,0,0,0,0,0,0,0,0,0,0,0,0,0,0,0,0,0,0,0,0,0,0,0,0,0,0,0,0,0,0,0,0,0,0,0,0,0,0,0,0,0,0,0,0,0,0,0,0,0,0,0,0,0,0,0,0,0,0,0,0,0,0,0,0,0,0,0,0,0,0,0,0,0,0,0,0,0,0,0,0,0,0,0,0,0,0,0,0,0,0,0,0,0,0,0,0,0,0,0,0,0,0,0,0,0,0,0,0,0,0,0,0,0,0,0,0,0,0,0,0,0,0,0,0,0,0,0,0,0,0,0,0,0,0,0,0,0,0,0,0,0,0,0,0,0,0,0,0,0,0,0,0,0,0,0,0,0,0,0,0,0,0,0,0,0,0,0,0,0,0,0,0,0,0,0,0,0,0,0,0,0,0,0,0,0,0,0,0,0,0,0,0,0,0,0,0,0,0,0,0,0,0,0,0,0,0,0,0,0,0,0,0,0,0,0,0,0,0,0,0,0,0,0,0,0,0,0,0,0,0,0,0,0,0,0,0,0,0,0,0,0,0,0,0,0,0,0,0,0,0,0,0,0,0,0,0,0,0,0,0,0,0,0,0,0,0,0,0,0,0,0,0,0,0,0,0,0,0,0,0,0,0,0,0,0,0,0,0,0,0,0,0,0,0,0,0,0,0,0,0,0,0,0,0,0,0,0,0,0,0,0,0,0,0,0,0,0,0,0,0,0,0,0,0,0,0,0,0,0,0,0,0,0,0,0,0,0,0,0,0,0,0,0,0,0,0,0,0,0,0,0,0,0,0,0,0,0,0,0,0,0,0,0,0,0,0,0,0,0,0,0,0,0,0,0,0,0,0,0,0,0,0,0,0,0,0,0,0,0,0,0,0,0,0,0,0,0,0,0,0,0,0,0,0,0,0,0,0,0,0,0,0,0,0,0,0,0,0,0,0,0,0,0,0,0,0,0,0,0,0,0,0,0,0,0,0,0,0,0,0,0,0,0,0,0,0,0,0,0,0,0,0,0,0,0,0,0,0,0,0,0,0,0,0,0,0,0,0,0,0,0,0,0,0,0,0,0,0,0,0,0,0,0,0,0,0,0,0,0,0,0,0,0,0,0,0,0,0,0,0,0,0,0,0,0,0,0,0,0,0,0,0,0,0,0,0,0,0,0,0,0,0,0,0,0,0,0,0,0,0,0,0,0,0,0,0,0,0,0,0,0,0,0,0,0,0,0,0,0,0,0,0,0,0,0,0,0,0,0,0,0,0,0,0,0,0,0,0,0,0,0,0,0,0,0,0,0,0,0,0,0,0,0,0,0,0,0,0,0,0,0,0,0,0,0,0,0,0,0,0,0,0,0,0,0,0,0,0,0,0,0,0,0,0,0,0,0,0,0,0,0,0,0,0,0,0,0,0,0,0,0,0,0,0,0,0,0,0,0,0,0,0,0,0,0,0,0,0,0,0,0,0,0,0,0,0,0,0,0,0,0,0,0,0,0,0,0,0,0,0,0,0,0,0,0,0,0,0,0,0,0,0,0,0,0,0,0,0,0,0,0,0,0,0,0,0,0,0,0,0,0,0,0,0,0,0,0,0,0,0,0,0,0,0,0,0,0,0,0,0,0,0,0,0,0,0,0,0,0,0,0,0,0,0,0,0,0,0,0,0,0,0,0,0,0,0,0,0,0,0,0,0,0,0,0,0,0,0,0,0,0,0,0,0,0,0,0,0,0,0,0,0,0,0,0,0,0,0,0,0,0,0,0,0,0,0,0,0,0,0,0,0,0,0,0,0,0,0,0,0,0,0,0,0,0,0,0,0,0,0,0,0,0,0,0,0,0,0,0,0,0,0,0,0,0,0,0,0,0,0,0,0,0,0,0,0,0,0,0,0,0,0,0,0,0,0,0,0,0,0,0,0,0,0,0,0,0,0,0,0,0,0,0,0,0,0,0,0,0,0,0,0,0,0,0,0,0,0,0,0,0,0,0,0,0,0,0,0,0,0,0,0,0,0,0,0,0,0,0,0,0,0,0,0,0,0,0,0,0,0,0,0,0,0,0,0,0,0,0,0,0,0,0,0,0,0,0,0,0,0,0,0,0,0,0,0,0,0,0,0,0,0,0,0,0,0,0,0,0,0,0,0,0,0,0,0,0,0,0,0,0,0,0,0,0,0,0,0,0,0,0,0,0,0,0,0,0,0,0,0,0,0,0,0,0,0,0,0,0,0,0,0,0,0,0,0,0,0,0,0,0,0,0,0,0,0,0,0,0,0,0,0,0,0,0,0,0,0,0,0,0,0,0,0,0,0,0,0,0,0,0,0,0,0,0,0,0,0,0,0,0,0,0,0,0,0,0,0,0,0,0,0,0,0,0,0,0,0,0,0,0,0,0,0,0,0,0,0,0,0,0,0,0,0,0,0,0,0,0,0,0,0,0,0,0,0,0,0,0,0,0,0,0,0,0,0,0,0,0,0,0,0,0,0,0,0,0,0,0,0,0,0,0,0,0,0,0,0,0,0,0,0,0,0,0,0,0,0,0,0,0,0,0,0,0,0,0,0,0,0,0,0,0,0,0,0,0,0,0,0,0,0,0,0,0,0,0,0,0,0,0,0,0,0,0,0,0,0,0,0,0,0,0,0,0,0,0,0,0,0,0,0,0,0,0,0,0,0,0,0,0,0,0,0,0,0,0,0,0,0,0,0,0,0,0,0,0,0,0,0,0,0,0,0,0,0,0,0,0,0,0,0,0,0,0,0,0,0,0,0,0,0,0,0,0,0,0,0,0,0,0,0,0,0,0,0,0,0,0,0,0,0,0,0,0,0,0,0,0,0,0,0,0,0,0,0,0,0,0,0,0,0,0,0,0,0,0,0,0,0,0,0,0,0,0,0,0,0,0,0,0,0,0,0,0,0,0,0,0,0,0,0,0,0,0,0,0,0,0,0,0,0,0,0,0,0,0,0,0,0,0,0,0,0,0,0,0,0,0,0,0,0,0,0,0,0,0,0,0,0,0,0,0,0,0,0,0,0,0,0,0,0,0,0,0,0,0,0,0,0,0,0,0,0,0,0,0,0,0,0,0,0,0,0,0,2,2,2,2,2,2,2,2,2,2,2,2,2,2,2,2,2,2,2,2,2,2,2,2,2,2,2,2,2,2,2,2,2,2,2,2,2,2,2,2,2,2,2,2,2,2,2,2,2,2,2,2,2,2,2,2,2,2,2,2,2,2,2,2,2,2,2,2,2,2,2,2,2,2,2,2,2,2,2,2,2,2,2,2,2,2,2,2,2,2,2,2,2,2,2,2,2,2,2,2,2,2,2,1,1,2,2,2,2,2,2,2,2,2,2,2,1,1,1,1,1,1,1,1,1,1,1,2,2,2,2,2,2,2,2,2,2,2,1,2,2,1,1,1,1,1,1,1,1,2,2,2,2,2,2,2,2,2,2,2,1,1,1,1,1,1,1,1,1,2,2,2,2,2,2,2,2,2,2,2,2,2,1,2,2,1,1,1,1,1,1,2,2,2,2,2,2,2,2,2,2,2,2,2,1,1,1,1,1,1,1,1,1,2,2,2,2,2,2,2,2,2,2,2,2,2,1,2,2,1,1,1,1,1,1,2,2,2,2,2,2,2,2,2,2,2,2,2,2,2,2,2,2,1,2,2,2,2,2,2,2,2,2,2,2,2,2,2,2,2,2,2,2,2,2,1,2,2,2,2,2,2,2,2,2,2,2,2,2,2,2,2,2,2,2,2,2,2,2,2,2,2,2,2,2,2,2,2,2,2,2,2,2,2,2,2,2,2,2,2,2,2,2,2,2,2,2,2,2,2],
"events":[
null,
{"id":1,"name":"Pool and Pizza Map","note":"","pages":[{"conditions":{"actorId":1,"actorValid":false,"itemId":1,"itemValid":false,"selfSwitchCh":"A","selfSwitchValid":false,"switch1Id":1,"switch1Valid":false,"switch2Id":1,"switch2Valid":false,"variableId":1,"variableValid":false,"variableValue":0},"directionFix":false,"image":{"characterIndex":0,"characterName":"","direction":2,"pattern":0,"tileId":0},"list":[{"code":357,"indent":0,"parameters":["MZPlusPrimeParallax","changeLayer","Change Layer",{"triggerType":"Page","":"","parallaxLayer":"PARALLAX","showLayer":"true","parallaxSettings":"{\"imagePath\":\"parallaxMaps/parallaxMap/parallaxMap_Pizzalobby\",\"zIndex\":\"3.1\",\"blendMode\":\"\",\"opacity\":\"\",\"tint\":\"\",\"offsetX\":\"\",\"offsetY\":\"\",\"fogProperties\":\"\",\"positionType\":\"screen\",\"mapX\":\"0\",\"mapY\":\"0\",\"width\":\"500\",\"height\":\"500\",\"tilingX\":\"\",\"tilingY\":\"\",\"scrollingX\":\"\",\"scrollingY\":\"\",\"novaLighting\":\"\",\"lightMode\":\"NONE\"}"}]},{"code":657,"indent":0,"parameters":["Trigger Type = Page"]},{"code":657,"indent":0,"parameters":[" = "]},{"code":657,"indent":0,"parameters":["Parallax Layer = PARALLAX"]},{"code":657,"indent":0,"parameters":["Show Layer = true"]},{"code":657,"indent":0,"parameters":["Parallax Settings = {\"imagePath\":\"parallaxMaps/parallaxMap/…"]},{"code":0,"indent":0,"parameters":[]}],"moveFrequency":3,"moveRoute":{"list":[{"code":0,"parameters":[]}],"repeat":true,"skippable":false,"wait":false},"moveSpeed":3,"moveType":0,"priorityType":0,"stepAnime":false,"through":false,"trigger":0,"walkAnime":true}],"x":11,"y":0},
{"id":2,"name":"EV002","note":"","pages":[{"conditions":{"actorId":1,"actorValid":false,"itemId":1,"itemValid":false,"selfSwitchCh":"A","selfSwitchValid":false,"switch1Id":1,"switch1Valid":false,"switch2Id":1,"switch2Valid":false,"variableId":1,"variableValid":false,"variableValue":0},"directionFix":false,"image":{"characterIndex":0,"characterName":"","direction":2,"pattern":0,"tileId":0},"list":[{"code":250,"indent":0,"parameters":[{"name":"Move1","volume":90,"pitch":100,"pan":0}]},{"code":201,"indent":0,"parameters":[0,14,10,16,2,0]},{"code":0,"indent":0,"parameters":[]}],"moveFrequency":3,"moveRoute":{"list":[{"code":0,"parameters":[]}],"repeat":true,"skippable":false,"wait":false},"moveSpeed":3,"moveType":0,"priorityType":0,"stepAnime":false,"through":false,"trigger":1,"walkAnime":true}],"x":11,"y":12},
{"id":3,"name":"Jimmy","note":"","pages":[{"conditions":{"actorId":1,"actorValid":false,"itemId":1,"itemValid":false,"selfSwitchCh":"A","selfSwitchValid":false,"switch1Id":1,"switch1Valid":false,"switch2Id":1,"switch2Valid":false,"variableId":1,"variableValid":false,"variableValue":0},"directionFix":false,"image":{"tileId":0,"characterName":"DressMeDown_Manager","direction":4,"pattern":1,"characterIndex":3},"list":[{"code":0,"indent":0,"parameters":[]}],"moveFrequency":3,"moveRoute":{"list":[{"code":0,"parameters":[]}],"repeat":true,"skippable":false,"wait":false},"moveSpeed":3,"moveType":0,"priorityType":1,"stepAnime":false,"through":false,"trigger":0,"walkAnime":false}],"x":16,"y":9},
{"id":4,"name":"Chiwa","note":"","pages":[{"conditions":{"actorId":1,"actorValid":false,"itemId":1,"itemValid":false,"selfSwitchCh":"A","selfSwitchValid":false,"switch1Id":1,"switch1Valid":false,"switch2Id":1,"switch2Valid":false,"variableId":1,"variableValid":false,"variableValue":0},"directionFix":false,"image":{"characterIndex":0,"characterName":"","direction":2,"pattern":0,"tileId":0},"list":[{"code":0,"indent":0,"parameters":[]}],"moveFrequency":3,"moveRoute":{"list":[{"code":0,"parameters":[]}],"repeat":true,"skippable":false,"wait":false},"moveSpeed":3,"moveType":0,"priorityType":1,"stepAnime":false,"through":false,"trigger":0,"walkAnime":true}],"x":21,"y":14},
{"id":5,"name":"Oluchi","note":"","pages":[{"conditions":{"actorId":1,"actorValid":false,"itemId":1,"itemValid":false,"selfSwitchCh":"A","selfSwitchValid":false,"switch1Id":1,"switch1Valid":false,"switch2Id":1,"switch2Valid":false,"variableId":1,"variableValid":false,"variableValue":0},"directionFix":false,"image":{"characterIndex":0,"characterName":"","direction":2,"pattern":0,"tileId":0},"list":[{"code":0,"indent":0,"parameters":[]}],"moveFrequency":3,"moveRoute":{"list":[{"code":0,"parameters":[]}],"repeat":true,"skippable":false,"wait":false},"moveSpeed":3,"moveType":0,"priorityType":1,"stepAnime":false,"through":false,"trigger":0,"walkAnime":true}],"x":21,"y":13},
{"id":6,"name":"CwF3","note":"","pages":[{"conditions":{"actorId":1,"actorValid":false,"itemId":1,"itemValid":false,"selfSwitchCh":"A","selfSwitchValid":false,"switch1Id":59,"switch1Valid":true,"switch2Id":1,"switch2Valid":false,"variableId":1,"variableValid":false,"variableValue":0},"directionFix":false,"image":{"characterIndex":0,"characterName":"","direction":2,"pattern":0,"tileId":0},"list":[{"code":203,"indent":0,"parameters":[4,0,14,10,6]},{"code":203,"indent":0,"parameters":[5,0,14,8,6]},{"code":205,"indent":0,"parameters":[5,{"list":[{"code":41,"parameters":["Chiwa_Ochuli",1],"indent":null},{"code":18,"indent":null},{"code":0}],"repeat":false,"skippable":false,"wait":true}]},{"code":505,"indent":0,"parameters":[{"code":41,"parameters":["Chiwa_Ochuli",1],"indent":null}]},{"code":505,"indent":0,"parameters":[{"code":18,"indent":null}]},{"code":205,"indent":0,"parameters":[4,{"list":[{"code":41,"parameters":["Chiwa_Ochuli",0],"indent":null},{"code":18,"indent":null},{"code":0}],"repeat":false,"skippable":false,"wait":true}]},{"code":505,"indent":0,"parameters":[{"code":41,"parameters":["Chiwa_Ochuli",0],"indent":null}]},{"code":505,"indent":0,"parameters":[{"code":18,"indent":null}]},{"code":230,"indent":0,"parameters":[20]},{"code":222,"indent":0,"parameters":[]},{"code":357,"indent":0,"parameters":["VisuMZ_2_VNPictureBusts","Basic_EnterBust","BASIC: Enter Bust",{"PictureID:eval":"1","PictureName:str":"Oluchi_1","Origin:str":"Bust","Position:num":"5","StartOffsetX:eval":"-200","StartOffsetY:eval":"+0","EasingType:str":"OutSine","HorzMirror:str":"None","Duration:eval":"20"}]},{"code":657,"indent":0,"parameters":["Picture ID = 1"]},{"code":657,"indent":0,"parameters":["Picture File = Oluchi_1"]},{"code":657,"indent":0,"parameters":["Origin = Bust"]},{"code":657,"indent":0,"parameters":["Screen Position = 5"]},{"code":657,"indent":0,"parameters":["Start Offset X = -200"]},{"code":657,"indent":0,"parameters":["Start Offset Y = +0"]},{"code":657,"indent":0,"parameters":["Entrance Easing = OutSine"]},{"code":657,"indent":0,"parameters":["Horizontal Mirror = None"]},{"code":657,"indent":0,"parameters":["Duration = 20"]},{"code":357,"indent":0,"parameters":["VisuMZ_2_VNPictureBusts","Basic_EnterBust","BASIC: Enter Bust",{"PictureID:eval":"2","PictureName:str":"Chiwa_2","Origin:str":"Bust","Position:num":"4","StartOffsetX:eval":"-200","StartOffsetY:eval":"+0","EasingType:str":"OutSine","HorzMirror:str":"None","Duration:eval":"20"}]},{"code":657,"indent":0,"parameters":["Picture ID = 2"]},{"code":657,"indent":0,"parameters":["Picture File = Chiwa_2"]},{"code":657,"indent":0,"parameters":["Origin = Bust"]},{"code":657,"indent":0,"parameters":["Screen Position = 4"]},{"code":657,"indent":0,"parameters":["Start Offset X = -200"]},{"code":657,"indent":0,"parameters":["Start Offset Y = +0"]},{"code":657,"indent":0,"parameters":["Entrance Easing = OutSine"]},{"code":657,"indent":0,"parameters":["Horizontal Mirror = None"]},{"code":657,"indent":0,"parameters":["Duration = 20"]},{"code":101,"indent":0,"parameters":["",0,0,2,""]},{"code":401,"indent":0,"parameters":["Oluchi and Chiwa: "]},{"code":401,"indent":0,"parameters":["Hi Jimmy!"]},{"code":213,"indent":0,"parameters":[3,1,false]},{"code":357,"indent":0,"parameters":["VisuMZ_2_VNPictureBusts","Basic_EnterBust","BASIC: Enter Bust",{"PictureID:eval":"3","PictureName:str":"PizzaGuy_3","Origin:str":"Bust","Position:num":"6","StartOffsetX:eval":"-200","StartOffsetY:eval":"+0","EasingType:str":"OutSine","HorzMirror:str":"Mirror","Duration:eval":"20"}]},{"code":657,"indent":0,"parameters":["Picture ID = 3"]},{"code":657,"indent":0,"parameters":["Picture File = PizzaGuy_3"]},{"code":657,"indent":0,"parameters":["Origin = Bust"]},{"code":657,"indent":0,"parameters":["Screen Position = 6"]},{"code":657,"indent":0,"parameters":["Start Offset X = -200"]},{"code":657,"indent":0,"parameters":["Start Offset Y = +0"]},{"code":657,"indent":0,"parameters":["Entrance Easing = OutSine"]},{"code":657,"indent":0,"parameters":["Horizontal Mirror = Mirror"]},{"code":657,"indent":0,"parameters":["Duration = 20"]},{"code":101,"indent":0,"parameters":["",0,0,2,""]},{"code":401,"indent":0,"parameters":["Jimmy: "]},{"code":401,"indent":0,"parameters":["Lulu, Chichi! You here for the Sunday usual?"]},{"code":205,"indent":0,"parameters":[3,{"list":[{"code":14,"parameters":[0,0],"indent":null},{"code":0}],"repeat":false,"skippable":false,"wait":true}]},{"code":505,"indent":0,"parameters":[{"code":14,"parameters":[0,0],"indent":null}]},{"code":101,"indent":0,"parameters":["",0,0,2,""]},{"code":401,"indent":0,"parameters":["Jimmy: "]},{"code":401,"indent":0,"parameters":["Oh hey, bro! Glad to see ya. You know the Freemans?"]},{"code":357,"indent":0,"parameters":["VisuMZ_2_VNPictureBusts","Basic_EnterBust","BASIC: Enter Bust",{"PictureID:eval":"4","PictureName:str":"MC_2","Origin:str":"Bust","Position:num":"8","StartOffsetX:eval":"-200","StartOffsetY:eval":"+0","EasingType:str":"OutSine","HorzMirror:str":"Mirror","Duration:eval":"20"}]},{"code":657,"indent":0,"parameters":["Picture ID = 4"]},{"code":657,"indent":0,"parameters":["Picture File = MC_2"]},{"code":657,"indent":0,"parameters":["Origin = Bust"]},{"code":657,"indent":0,"parameters":["Screen Position = 8"]},{"code":657,"indent":0,"parameters":["Start Offset X = -200"]},{"code":657,"indent":0,"parameters":["Start Offset Y = +0"]},{"code":657,"indent":0,"parameters":["Entrance Easing = OutSine"]},{"code":657,"indent":0,"parameters":["Horizontal Mirror = Mirror"]},{"code":657,"indent":0,"parameters":["Duration = 20"]},{"code":101,"indent":0,"parameters":["",0,0,2,""]},{"code":401,"indent":0,"parameters":["\\N[001]:"]},{"code":401,"indent":0,"parameters":["A bit, I’m just tagging along. You doing alright?"]},{"code":101,"indent":0,"parameters":["",0,0,2,""]},{"code":401,"indent":0,"parameters":["Jimmy: "]},{"code":401,"indent":0,"parameters":["Every day dishing za to people is a good day my friend. "]},{"code":401,"indent":0,"parameters":["I’ll be right back with your order, ladies."]},{"code":357,"indent":0,"parameters":["VisuMZ_2_VNPictureBusts","Basic_ExitBusts","BASIC: Exit Bust(s)",{"PictureID:arrayeval":"[\"3\"]","EndOffsetX:eval":"-200","EndOffsetY:eval":"+0","EasingType:str":"InSine","FlipDirection:str":"None","Duration:eval":"20","AutoErase:eval":"true"}]},{"code":657,"indent":0,"parameters":["Picture ID(s) = [\"3\"]"]},{"code":657,"indent":0,"parameters":["End Offset X = -200"]},{"code":657,"indent":0,"parameters":["End Offset Y = +0"]},{"code":657,"indent":0,"parameters":["Exit Easing = InSine"]},{"code":657,"indent":0,"parameters":["Flip Direction = None"]},{"code":657,"indent":0,"parameters":["Duration = 20"]},{"code":657,"indent":0,"parameters":["Auto-Erase? = true"]},{"code":205,"indent":0,"parameters":[3,{"list":[{"code":37,"indent":null},{"code":4,"indent":null},{"code":18,"indent":null},{"code":39,"indent":null},{"code":44,"parameters":[{"name":"Open1","volume":90,"pitch":100,"pan":0}],"indent":null},{"code":0}],"repeat":false,"skippable":false,"wait":true}]},{"code":505,"indent":0,"parameters":[{"code":37,"indent":null}]},{"code":505,"indent":0,"parameters":[{"code":4,"indent":null}]},{"code":505,"indent":0,"parameters":[{"code":18,"indent":null}]},{"code":505,"indent":0,"parameters":[{"code":39,"indent":null}]},{"code":505,"indent":0,"parameters":[{"code":44,"parameters":[{"name":"Open1","volume":90,"pitch":100,"pan":0}],"indent":null}]},{"code":205,"indent":0,"parameters":[-1,{"list":[{"code":2,"indent":null},{"code":18,"indent":null},{"code":0}],"repeat":false,"skippable":false,"wait":true}]},{"code":505,"indent":0,"parameters":[{"code":2,"indent":null}]},{"code":505,"indent":0,"parameters":[{"code":18,"indent":null}]},{"code":205,"indent":0,"parameters":[4,{"list":[{"code":25,"indent":null},{"code":0}],"repeat":false,"skippable":false,"wait":false}]},{"code":505,"indent":0,"parameters":[{"code":25,"indent":null}]},{"code":205,"indent":0,"parameters":[5,{"list":[{"code":25,"indent":null},{"code":0}],"repeat":false,"skippable":false,"wait":false}]},{"code":505,"indent":0,"parameters":[{"code":25,"indent":null}]},{"code":357,"indent":0,"parameters":["VisuMZ_2_VNPictureBusts","Move_MoveToPosition","MOVE: Move Bust(s) to Position",{"PictureID:arrayeval":"[\"4\"]","TargetPosition:eval":"3","EasingType:str":"InOutSine","FlipDirection:str":"Flip","Duration:eval":"20"}]},{"code":657,"indent":0,"parameters":["Picture ID(s) = [\"4\"]"]},{"code":657,"indent":0,"parameters":["Target Position = 3"]},{"code":657,"indent":0,"parameters":["Move Easing = InOutSine"]},{"code":657,"indent":0,"parameters":["Flip Direction = Flip"]},{"code":657,"indent":0,"parameters":["Duration = 20"]},{"code":357,"indent":0,"parameters":["VisuMZ_2_VNPictureBusts","Basic_GraphicChange","BASIC: Graphic Change",{"PictureID:eval":"4","PictureName:str":"MC_8"}]},{"code":657,"indent":0,"parameters":["Picture ID = 4"]},{"code":657,"indent":0,"parameters":["Picture File = MC_8"]},{"code":101,"indent":0,"parameters":["",0,0,2,""]},{"code":401,"indent":0,"parameters":["\\N[001]:"]},{"code":401,"indent":0,"parameters":["You guys come here so often that"]},{"code":401,"indent":0,"parameters":["Jimmy already has your pizza ready?"]},{"code":357,"indent":0,"parameters":["VisuMZ_2_VNPictureBusts","Basic_GraphicChange","BASIC: Graphic Change",{"PictureID:eval":"1","PictureName:str":"Oluchi_5"}]},{"code":657,"indent":0,"parameters":["Picture ID = 1"]},{"code":657,"indent":0,"parameters":["Picture File = Oluchi_5"]},{"code":101,"indent":0,"parameters":["",0,0,2,""]},{"code":401,"indent":0,"parameters":["Oluchi: "]},{"code":401,"indent":0,"parameters":["It’s kind of one of our family traditions. As smothering as "]},{"code":401,"indent":0,"parameters":["Daddy can be, it’s nice now and then to find time to spend "]},{"code":401,"indent":0,"parameters":["with the ones you love."]},{"code":101,"indent":0,"parameters":["",0,0,2,""]},{"code":401,"indent":0,"parameters":["\\N[001]:"]},{"code":401,"indent":0,"parameters":["Huh... I guess you’re right. Hey, I don’t hear you talk "]},{"code":401,"indent":0,"parameters":["about your mom that much. Is she really that busy?"]},{"code":205,"indent":0,"parameters":[4,{"list":[{"code":19,"indent":null},{"code":0}],"repeat":false,"skippable":false,"wait":false}]},{"code":505,"indent":0,"parameters":[{"code":19,"indent":null}]},{"code":205,"indent":0,"parameters":[5,{"list":[{"code":16,"indent":null},{"code":0}],"repeat":false,"skippable":false,"wait":false}]},{"code":505,"indent":0,"parameters":[{"code":16,"indent":null}]},{"code":230,"indent":0,"parameters":[60]},{"code":205,"indent":0,"parameters":[4,{"list":[{"code":25,"indent":null},{"code":0}],"repeat":false,"skippable":false,"wait":false}]},{"code":505,"indent":0,"parameters":[{"code":25,"indent":null}]},{"code":205,"indent":0,"parameters":[5,{"list":[{"code":25,"indent":null},{"code":0}],"repeat":false,"skippable":false,"wait":false}]},{"code":505,"indent":0,"parameters":[{"code":25,"indent":null}]},{"code":357,"indent":0,"parameters":["VisuMZ_2_VNPictureBusts","Basic_GraphicChange","BASIC: Graphic Change",{"PictureID:eval":"2","PictureName:str":"Chiwa_4"}]},{"code":657,"indent":0,"parameters":["Picture ID = 2"]},{"code":657,"indent":0,"parameters":["Picture File = Chiwa_4"]},{"code":101,"indent":0,"parameters":["",0,0,2,""]},{"code":401,"indent":0,"parameters":["Chiwa:"]},{"code":401,"indent":0,"parameters":["W-We don’t normally... Well, "]},{"code":401,"indent":0,"parameters":["it’s kind of a weird topic for us-"]},{"code":357,"indent":0,"parameters":["VisuMZ_2_VNPictureBusts","Basic_ExitBusts","BASIC: Exit Bust(s)",{"PictureID:arrayeval":"[\"1\",\"2\",\"4\"]","EndOffsetX:eval":"-200","EndOffsetY:eval":"+0","EasingType:str":"InSine","FlipDirection:str":"None","Duration:eval":"20","AutoErase:eval":"true"}]},{"code":657,"indent":0,"parameters":["Picture ID(s) = [\"1\",\"2\",\"4\"]"]},{"code":657,"indent":0,"parameters":["End Offset X = -200"]},{"code":657,"indent":0,"parameters":["End Offset Y = +0"]},{"code":657,"indent":0,"parameters":["Exit Easing = InSine"]},{"code":657,"indent":0,"parameters":["Flip Direction = None"]},{"code":657,"indent":0,"parameters":["Duration = 20"]},{"code":657,"indent":0,"parameters":["Auto-Erase? = true"]},{"code":205,"indent":0,"parameters":[5,{"list":[{"code":4,"indent":null},{"code":4,"indent":null},{"code":4,"indent":null},{"code":3,"indent":null},{"code":3,"indent":null},{"code":4,"indent":null},{"code":0}],"repeat":false,"skippable":false,"wait":true}]},{"code":505,"indent":0,"parameters":[{"code":4,"indent":null}]},{"code":505,"indent":0,"parameters":[{"code":4,"indent":null}]},{"code":505,"indent":0,"parameters":[{"code":4,"indent":null}]},{"code":505,"indent":0,"parameters":[{"code":3,"indent":null}]},{"code":505,"indent":0,"parameters":[{"code":3,"indent":null}]},{"code":505,"indent":0,"parameters":[{"code":4,"indent":null}]},{"code":213,"indent":0,"parameters":[5,7,true]},{"code":213,"indent":0,"parameters":[5,1,true]},{"code":241,"indent":0,"parameters":[{"name":"ChiwOluchiDANCE","volume":45,"pitch":100,"pan":0}]},{"code":205,"indent":0,"parameters":[5,{"list":[{"code":14,"parameters":[0,0],"indent":null},{"code":0}],"repeat":false,"skippable":false,"wait":true}]},{"code":505,"indent":0,"parameters":[{"code":14,"parameters":[0,0],"indent":null}]},{"code":101,"indent":0,"parameters":["",0,0,2,""]},{"code":401,"indent":0,"parameters":["Oluchi: "]},{"code":401,"indent":0,"parameters":["Oh my gosh, Chiwa! Do you remember this song? "]},{"code":401,"indent":0,"parameters":["We used to practice cheer to this all the time!"]},{"code":205,"indent":0,"parameters":[4,{"list":[{"code":19,"indent":null},{"code":0}],"repeat":false,"skippable":false,"wait":true}]},{"code":505,"indent":0,"parameters":[{"code":19,"indent":null}]},{"code":101,"indent":0,"parameters":["",0,0,2,""]},{"code":401,"indent":0,"parameters":["Chiwa: "]},{"code":401,"indent":0,"parameters":["Oluchi..."]},{"code":101,"indent":0,"parameters":["",0,0,2,""]},{"code":401,"indent":0,"parameters":["\\N[001]: "]},{"code":401,"indent":0,"parameters":["You guys used to cheer?"]},{"code":205,"indent":0,"parameters":[4,{"list":[{"code":25,"indent":null},{"code":0}],"repeat":false,"skippable":false,"wait":false}]},{"code":505,"indent":0,"parameters":[{"code":25,"indent":null}]},{"code":101,"indent":0,"parameters":["",0,0,2,""]},{"code":401,"indent":0,"parameters":["Chiwa: "]},{"code":401,"indent":0,"parameters":["In high school - and it was really fun, too..."]},{"code":205,"indent":0,"parameters":[5,{"list":[{"code":1,"indent":null},{"code":1,"indent":null},{"code":2,"indent":null},{"code":2,"indent":null},{"code":2,"indent":null},{"code":2,"indent":null},{"code":2,"indent":null},{"code":1,"indent":null},{"code":14,"parameters":[0,0],"indent":null},{"code":0}],"repeat":false,"skippable":false,"wait":true}]},{"code":505,"indent":0,"parameters":[{"code":1,"indent":null}]},{"code":505,"indent":0,"parameters":[{"code":1,"indent":null}]},{"code":505,"indent":0,"parameters":[{"code":2,"indent":null}]},{"code":505,"indent":0,"parameters":[{"code":2,"indent":null}]},{"code":505,"indent":0,"parameters":[{"code":2,"indent":null}]},{"code":505,"indent":0,"parameters":[{"code":2,"indent":null}]},{"code":505,"indent":0,"parameters":[{"code":2,"indent":null}]},{"code":505,"indent":0,"parameters":[{"code":1,"indent":null}]},{"code":505,"indent":0,"parameters":[{"code":14,"parameters":[0,0],"indent":null}]},{"code":101,"indent":0,"parameters":["",0,0,2,""]},{"code":401,"indent":0,"parameters":["Oluchi: "]},{"code":401,"indent":0,"parameters":["But Daddy said it was giving boys “bad ideas”..."]},{"code":205,"indent":0,"parameters":[-1,{"list":[{"code":19,"indent":null},{"code":15,"parameters":[20],"indent":null},{"code":18,"indent":null},{"code":15,"parameters":[20],"indent":null},{"code":19,"indent":null},{"code":15,"parameters":[20],"indent":null},{"code":18,"indent":null},{"code":0}],"repeat":false,"skippable":false,"wait":true}]},{"code":505,"indent":0,"parameters":[{"code":19,"indent":null}]},{"code":505,"indent":0,"parameters":[{"code":15,"parameters":[20],"indent":null}]},{"code":505,"indent":0,"parameters":[{"code":18,"indent":null}]},{"code":505,"indent":0,"parameters":[{"code":15,"parameters":[20],"indent":null}]},{"code":505,"indent":0,"parameters":[{"code":19,"indent":null}]},{"code":505,"indent":0,"parameters":[{"code":15,"parameters":[20],"indent":null}]},{"code":505,"indent":0,"parameters":[{"code":18,"indent":null}]},{"code":101,"indent":0,"parameters":["",0,0,2,""]},{"code":401,"indent":0,"parameters":["\\N[001]: "]},{"code":401,"indent":0,"parameters":["So you just stopped cheering and dancing? You don’t even "]},{"code":401,"indent":0,"parameters":["dance in your room? At school? You know your dad isn’t "]},{"code":401,"indent":0,"parameters":["watching you 24/7."]},{"code":101,"indent":0,"parameters":["",0,0,2,""]},{"code":401,"indent":0,"parameters":["Chiwa: "]},{"code":401,"indent":0,"parameters":["But it’s a small town, and people talk..."]},{"code":101,"indent":0,"parameters":["",0,0,2,""]},{"code":401,"indent":0,"parameters":["Oluchi: "]},{"code":401,"indent":0,"parameters":["It feels like everything we do is a reflection on Daddy. "]},{"code":401,"indent":0,"parameters":["We don’t want him or the church to look bad..."]},{"code":101,"indent":0,"parameters":["",0,0,2,""]},{"code":401,"indent":0,"parameters":["\\N[001]: "]},{"code":401,"indent":0,"parameters":["<Geez, Mr. Freeman has these girls practically conditioned. "]},{"code":401,"indent":0,"parameters":["This isn’t right. Fuck, they deserve to have fun and cut "]},{"code":401,"indent":0,"parameters":["loose now and then. Maybe...>"]},{"code":212,"indent":0,"parameters":[4,12,false]},{"code":212,"indent":0,"parameters":[5,12,false]},{"code":101,"indent":0,"parameters":["",0,0,2,""]},{"code":401,"indent":0,"parameters":["\\N[001]: "]},{"code":401,"indent":0,"parameters":["C’mon, sometimes you just have to stop "]},{"code":401,"indent":0,"parameters":["giving a shit and cut loose, work out that stress."]},{"code":205,"indent":0,"parameters":[-1,{"list":[{"code":13,"indent":null},{"code":13,"indent":null},{"code":4,"indent":null},{"code":15,"parameters":[20],"indent":null},{"code":19,"indent":null},{"code":15,"parameters":[20],"indent":null},{"code":18,"indent":null},{"code":0}],"repeat":false,"skippable":false,"wait":true}]},{"code":505,"indent":0,"parameters":[{"code":13,"indent":null}]},{"code":505,"indent":0,"parameters":[{"code":13,"indent":null}]},{"code":505,"indent":0,"parameters":[{"code":4,"indent":null}]},{"code":505,"indent":0,"parameters":[{"code":15,"parameters":[20],"indent":null}]},{"code":505,"indent":0,"parameters":[{"code":19,"indent":null}]},{"code":505,"indent":0,"parameters":[{"code":15,"parameters":[20],"indent":null}]},{"code":505,"indent":0,"parameters":[{"code":18,"indent":null}]},{"code":101,"indent":0,"parameters":["",0,0,2,""]},{"code":401,"indent":0,"parameters":["Chiwa: "]},{"code":401,"indent":0,"parameters":["...I-I guess you’re right. "]},{"code":205,"indent":0,"parameters":[4,{"list":[{"code":2,"indent":null},{"code":2,"indent":null},{"code":2,"indent":null},{"code":4,"indent":null},{"code":25,"indent":null},{"code":0}],"repeat":false,"skippable":false,"wait":true}]},{"code":505,"indent":0,"parameters":[{"code":2,"indent":null}]},{"code":505,"indent":0,"parameters":[{"code":2,"indent":null}]},{"code":505,"indent":0,"parameters":[{"code":2,"indent":null}]},{"code":505,"indent":0,"parameters":[{"code":4,"indent":null}]},{"code":505,"indent":0,"parameters":[{"code":25,"indent":null}]},{"code":101,"indent":0,"parameters":["",0,0,2,""]},{"code":401,"indent":0,"parameters":["Oluchi: "]},{"code":401,"indent":0,"parameters":["PIZZA PARTY!"]},{"code":205,"indent":0,"parameters":[-1,{"list":[{"code":14,"parameters":[0,0],"indent":null},{"code":15,"parameters":[30],"indent":null},{"code":0}],"repeat":true,"skippable":false,"wait":false}]},{"code":505,"indent":0,"parameters":[{"code":14,"parameters":[0,0],"indent":null}]},{"code":505,"indent":0,"parameters":[{"code":15,"parameters":[30],"indent":null}]},{"code":205,"indent":0,"parameters":[4,{"list":[{"code":15,"parameters":[5],"indent":null},{"code":14,"parameters":[0,0],"indent":null},{"code":15,"parameters":[30],"indent":null},{"code":0}],"repeat":true,"skippable":false,"wait":false}]},{"code":505,"indent":0,"parameters":[{"code":15,"parameters":[5],"indent":null}]},{"code":505,"indent":0,"parameters":[{"code":14,"parameters":[0,0],"indent":null}]},{"code":505,"indent":0,"parameters":[{"code":15,"parameters":[30],"indent":null}]},{"code":205,"indent":0,"parameters":[5,{"list":[{"code":15,"parameters":[5],"indent":null},{"code":14,"parameters":[0,0],"indent":null},{"code":15,"parameters":[30],"indent":null},{"code":0}],"repeat":true,"skippable":false,"wait":false}]},{"code":505,"indent":0,"parameters":[{"code":15,"parameters":[5],"indent":null}]},{"code":505,"indent":0,"parameters":[{"code":14,"parameters":[0,0],"indent":null}]},{"code":505,"indent":0,"parameters":[{"code":15,"parameters":[30],"indent":null}]},{"code":230,"indent":0,"parameters":[120]},{"code":221,"indent":0,"parameters":[]},{"code":121,"indent":0,"parameters":[62,62,0]},{"code":230,"indent":0,"parameters":[2]},{"code":231,"indent":0,"parameters":[12,"CwtF/CwtF_0010a",0,0,0,0,100,100,255,0]},{"code":230,"indent":0,"parameters":[2]},{"code":122,"indent":0,"parameters":[15,15,0,0,1]},{"code":230,"indent":0,"parameters":[20]},{"code":222,"indent":0,"parameters":[]},{"code":230,"indent":0,"parameters":[90]},{"code":101,"indent":0,"parameters":["",0,0,2,""]},{"code":401,"indent":0,"parameters":["\\N[001]: "]},{"code":401,"indent":0,"parameters":["<Not the usual use of my power, but "]},{"code":401,"indent":0,"parameters":["they deserve a moment to have fun.>"]},{"code":231,"indent":0,"parameters":[12,"CwtF/CwtF_0010b",0,0,0,0,100,100,255,0]},{"code":101,"indent":0,"parameters":["",0,0,2,""]},{"code":401,"indent":0,"parameters":["\\N[001]: "]},{"code":401,"indent":0,"parameters":["<And I have to admit, I'm having a pretty good time too!>"]},{"code":230,"indent":0,"parameters":[90]},{"code":101,"indent":0,"parameters":["",0,0,2,""]},{"code":401,"indent":0,"parameters":["Chiwa: "]},{"code":401,"indent":0,"parameters":["Er.."]},{"code":101,"indent":0,"parameters":["",0,0,2,""]},{"code":401,"indent":0,"parameters":["Oluchi: "]},{"code":401,"indent":0,"parameters":["Uhhhmmmm..."]},{"code":221,"indent":0,"parameters":[]},{"code":235,"indent":0,"parameters":[12]},{"code":121,"indent":0,"parameters":[62,62,1]},{"code":230,"indent":0,"parameters":[2]},{"code":122,"indent":0,"parameters":[15,15,0,0,0]},{"code":230,"indent":0,"parameters":[2]},{"code":235,"indent":0,"parameters":[13]},{"code":230,"indent":0,"parameters":[20]},{"code":222,"indent":0,"parameters":[]},{"code":205,"indent":0,"parameters":[3,{"list":[{"code":17,"indent":null},{"code":40,"indent":null},{"code":1,"indent":null},{"code":17,"indent":null},{"code":14,"parameters":[0,0],"indent":null},{"code":0}],"repeat":false,"skippable":false,"wait":true}]},{"code":505,"indent":0,"parameters":[{"code":17,"indent":null}]},{"code":505,"indent":0,"parameters":[{"code":40,"indent":null}]},{"code":505,"indent":0,"parameters":[{"code":1,"indent":null}]},{"code":505,"indent":0,"parameters":[{"code":17,"indent":null}]},{"code":505,"indent":0,"parameters":[{"code":14,"parameters":[0,0],"indent":null}]},{"code":357,"indent":0,"parameters":["VisuMZ_2_VNPictureBusts","Basic_EnterBust","BASIC: Enter Bust",{"PictureID:eval":"3","PictureName:str":"PizzaGuy_1","Origin:str":"Bust","Position:num":"5","StartOffsetX:eval":"-200","StartOffsetY:eval":"+0","EasingType:str":"OutSine","HorzMirror:str":"Mirror","Duration:eval":"20"}]},{"code":657,"indent":0,"parameters":["Picture ID = 3"]},{"code":657,"indent":0,"parameters":["Picture File = PizzaGuy_1"]},{"code":657,"indent":0,"parameters":["Origin = Bust"]},{"code":657,"indent":0,"parameters":["Screen Position = 5"]},{"code":657,"indent":0,"parameters":["Start Offset X = -200"]},{"code":657,"indent":0,"parameters":["Start Offset Y = +0"]},{"code":657,"indent":0,"parameters":["Entrance Easing = OutSine"]},{"code":657,"indent":0,"parameters":["Horizontal Mirror = Mirror"]},{"code":657,"indent":0,"parameters":["Duration = 20"]},{"code":101,"indent":0,"parameters":["",0,0,2,""]},{"code":401,"indent":0,"parameters":["Jimmy: "]},{"code":401,"indent":0,"parameters":["Sorry for the wait, ladies! We’re a "]},{"code":401,"indent":0,"parameters":["little short staffed at the moment."]},{"code":205,"indent":0,"parameters":[-1,{"list":[{"code":18,"indent":null},{"code":0}],"repeat":false,"skippable":false,"wait":true}]},{"code":505,"indent":0,"parameters":[{"code":18,"indent":null}]},{"code":205,"indent":0,"parameters":[4,{"list":[{"code":18,"indent":null},{"code":0}],"repeat":false,"skippable":false,"wait":false}]},{"code":505,"indent":0,"parameters":[{"code":18,"indent":null}]},{"code":205,"indent":0,"parameters":[5,{"list":[{"code":18,"indent":null},{"code":0}],"repeat":false,"skippable":false,"wait":true}]},{"code":505,"indent":0,"parameters":[{"code":18,"indent":null}]},{"code":213,"indent":0,"parameters":[4,1,false]},{"code":213,"indent":0,"parameters":[5,1,false]},{"code":205,"indent":0,"parameters":[4,{"list":[{"code":14,"parameters":[0,0],"indent":null},{"code":3,"indent":null},{"code":3,"indent":null},{"code":3,"indent":null},{"code":18,"indent":null},{"code":0}],"repeat":false,"skippable":false,"wait":true}]},{"code":505,"indent":0,"parameters":[{"code":14,"parameters":[0,0],"indent":null}]},{"code":505,"indent":0,"parameters":[{"code":3,"indent":null}]},{"code":505,"indent":0,"parameters":[{"code":3,"indent":null}]},{"code":505,"indent":0,"parameters":[{"code":3,"indent":null}]},{"code":505,"indent":0,"parameters":[{"code":18,"indent":null}]},{"code":213,"indent":0,"parameters":[4,6,false]},{"code":357,"indent":0,"parameters":["VisuMZ_2_VNPictureBusts","Basic_EnterBust","BASIC: Enter Bust",{"PictureID:eval":"1","PictureName:str":"Oluchi_1","Origin:str":"Bust","Position:num":"5","StartOffsetX:eval":"-200","StartOffsetY:eval":"+0","EasingType:str":"OutSine","HorzMirror:str":"None","Duration:eval":"20"}]},{"code":657,"indent":0,"parameters":["Picture ID = 1"]},{"code":657,"indent":0,"parameters":["Picture File = Oluchi_1"]},{"code":657,"indent":0,"parameters":["Origin = Bust"]},{"code":657,"indent":0,"parameters":["Screen Position = 5"]},{"code":657,"indent":0,"parameters":["Start Offset X = -200"]},{"code":657,"indent":0,"parameters":["Start Offset Y = +0"]},{"code":657,"indent":0,"parameters":["Entrance Easing = OutSine"]},{"code":657,"indent":0,"parameters":["Horizontal Mirror = None"]},{"code":657,"indent":0,"parameters":["Duration = 20"]},{"code":101,"indent":0,"parameters":["",0,0,2,""]},{"code":401,"indent":0,"parameters":["Oluchi: "]},{"code":401,"indent":0,"parameters":["N-Not a problem, Jimmy!"]},{"code":357,"indent":0,"parameters":["VisuMZ_2_VNPictureBusts","Basic_EnterBust","BASIC: Enter Bust",{"PictureID:eval":"2","PictureName:str":"Chiwa_8","Origin:str":"Bust","Position:num":"4","StartOffsetX:eval":"-200","StartOffsetY:eval":"+0","EasingType:str":"OutSine","HorzMirror:str":"None","Duration:eval":"20"}]},{"code":657,"indent":0,"parameters":["Picture ID = 2"]},{"code":657,"indent":0,"parameters":["Picture File = Chiwa_8"]},{"code":657,"indent":0,"parameters":["Origin = Bust"]},{"code":657,"indent":0,"parameters":["Screen Position = 4"]},{"code":657,"indent":0,"parameters":["Start Offset X = -200"]},{"code":657,"indent":0,"parameters":["Start Offset Y = +0"]},{"code":657,"indent":0,"parameters":["Entrance Easing = OutSine"]},{"code":657,"indent":0,"parameters":["Horizontal Mirror = None"]},{"code":657,"indent":0,"parameters":["Duration = 20"]},{"code":101,"indent":0,"parameters":["",0,0,2,""]},{"code":401,"indent":0,"parameters":["Chiwa:"]},{"code":401,"indent":0,"parameters":["W-We really need to go anyway."]},{"code":357,"indent":0,"parameters":["VisuMZ_2_VNPictureBusts","Basic_EnterBust","BASIC: Enter Bust",{"PictureID:eval":"4","PictureName:str":"MC_2","Origin:str":"Bust","Position:num":"8","StartOffsetX:eval":"-200","StartOffsetY:eval":"+0","EasingType:str":"OutSine","HorzMirror:str":"Mirror","Duration:eval":"20"}]},{"code":657,"indent":0,"parameters":["Picture ID = 4"]},{"code":657,"indent":0,"parameters":["Picture File = MC_2"]},{"code":657,"indent":0,"parameters":["Origin = Bust"]},{"code":657,"indent":0,"parameters":["Screen Position = 8"]},{"code":657,"indent":0,"parameters":["Start Offset X = -200"]},{"code":657,"indent":0,"parameters":["Start Offset Y = +0"]},{"code":657,"indent":0,"parameters":["Entrance Easing = OutSine"]},{"code":657,"indent":0,"parameters":["Horizontal Mirror = Mirror"]},{"code":657,"indent":0,"parameters":["Duration = 20"]},{"code":101,"indent":0,"parameters":["",0,0,2,""]},{"code":401,"indent":0,"parameters":["\\N[001]:"]},{"code":401,"indent":0,"parameters":["I got it, Jimmy!"]},{"code":205,"indent":0,"parameters":[-1,{"list":[{"code":1,"indent":null},{"code":3,"indent":null},{"code":3,"indent":null},{"code":0}],"repeat":false,"skippable":false,"wait":true}]},{"code":505,"indent":0,"parameters":[{"code":1,"indent":null}]},{"code":505,"indent":0,"parameters":[{"code":3,"indent":null}]},{"code":505,"indent":0,"parameters":[{"code":3,"indent":null}]},{"code":205,"indent":0,"parameters":[4,{"list":[{"code":1,"indent":null},{"code":18,"indent":null},{"code":0}],"repeat":false,"skippable":false,"wait":true}]},{"code":505,"indent":0,"parameters":[{"code":1,"indent":null}]},{"code":505,"indent":0,"parameters":[{"code":18,"indent":null}]},{"code":205,"indent":0,"parameters":[5,{"list":[{"code":1,"indent":null},{"code":3,"indent":null},{"code":3,"indent":null},{"code":3,"indent":null},{"code":3,"indent":null},{"code":18,"indent":null},{"code":0}],"repeat":false,"skippable":true,"wait":true}]},{"code":505,"indent":0,"parameters":[{"code":1,"indent":null}]},{"code":505,"indent":0,"parameters":[{"code":3,"indent":null}]},{"code":505,"indent":0,"parameters":[{"code":3,"indent":null}]},{"code":505,"indent":0,"parameters":[{"code":3,"indent":null}]},{"code":505,"indent":0,"parameters":[{"code":3,"indent":null}]},{"code":505,"indent":0,"parameters":[{"code":18,"indent":null}]},{"code":205,"indent":0,"parameters":[-1,{"list":[{"code":3,"indent":null},{"code":29,"parameters":[4],"indent":null},{"code":0}],"repeat":false,"skippable":false,"wait":true}]},{"code":505,"indent":0,"parameters":[{"code":3,"indent":null}]},{"code":505,"indent":0,"parameters":[{"code":29,"parameters":[4],"indent":null}]},{"code":205,"indent":0,"parameters":[4,{"list":[{"code":25,"indent":null},{"code":0}],"repeat":false,"skippable":false,"wait":true}]},{"code":505,"indent":0,"parameters":[{"code":25,"indent":null}]},{"code":205,"indent":0,"parameters":[5,{"list":[{"code":25,"indent":null},{"code":0}],"repeat":false,"skippable":false,"wait":true}]},{"code":505,"indent":0,"parameters":[{"code":25,"indent":null}]},{"code":101,"indent":0,"parameters":["",0,0,2,""]},{"code":401,"indent":0,"parameters":["Chiwa:"]},{"code":401,"indent":0,"parameters":["You're sure?"]},{"code":101,"indent":0,"parameters":["",0,0,2,""]},{"code":401,"indent":0,"parameters":["\\N[001]: "]},{"code":401,"indent":0,"parameters":["I almost burned down your church, "]},{"code":401,"indent":0,"parameters":["this is the least I can do."]},{"code":357,"indent":0,"parameters":["VisuMZ_2_VNPictureBusts","Basic_GraphicChange","BASIC: Graphic Change",{"PictureID:eval":"1","PictureName:str":"Oluchi_1"}]},{"code":657,"indent":0,"parameters":["Picture ID = 1"]},{"code":657,"indent":0,"parameters":["Picture File = Oluchi_1"]},{"code":101,"indent":0,"parameters":["",0,0,2,""]},{"code":401,"indent":0,"parameters":["Oluchi: "]},{"code":401,"indent":0,"parameters":["Aw, you’re sweet, \\N[001]!"]},{"code":357,"indent":0,"parameters":["VisuMZ_2_VNPictureBusts","Basic_GraphicChange","BASIC: Graphic Change",{"PictureID:eval":"2","PictureName:str":"Chiwa_2"}]},{"code":657,"indent":0,"parameters":["Picture ID = 2"]},{"code":657,"indent":0,"parameters":["Picture File = Chiwa_2"]},{"code":101,"indent":0,"parameters":["",0,0,2,""]},{"code":401,"indent":0,"parameters":["Both: "]},{"code":401,"indent":0,"parameters":["Catch you next Sunday, \\N[001]!"]},{"code":357,"indent":0,"parameters":["VisuMZ_2_VNPictureBusts","Basic_ExitBusts","BASIC: Exit Bust(s)",{"PictureID:arrayeval":"[\"3\",\"4\"]","EndOffsetX:eval":"-200","EndOffsetY:eval":"+0","EasingType:str":"InSine","FlipDirection:str":"None","Duration:eval":"20","AutoErase:eval":"true"}]},{"code":657,"indent":0,"parameters":["Picture ID(s) = [\"3\",\"4\"]"]},{"code":657,"indent":0,"parameters":["End Offset X = -200"]},{"code":657,"indent":0,"parameters":["End Offset Y = +0"]},{"code":657,"indent":0,"parameters":["Exit Easing = InSine"]},{"code":657,"indent":0,"parameters":["Flip Direction = None"]},{"code":657,"indent":0,"parameters":["Duration = 20"]},{"code":657,"indent":0,"parameters":["Auto-Erase? = true"]},{"code":205,"indent":0,"parameters":[4,{"list":[{"code":37,"indent":null},{"code":2,"indent":null},{"code":2,"indent":null},{"code":2,"indent":null},{"code":1,"indent":null},{"code":39,"indent":null},{"code":0}],"repeat":false,"skippable":false,"wait":false}]},{"code":505,"indent":0,"parameters":[{"code":37,"indent":null}]},{"code":505,"indent":0,"parameters":[{"code":2,"indent":null}]},{"code":505,"indent":0,"parameters":[{"code":2,"indent":null}]},{"code":505,"indent":0,"parameters":[{"code":2,"indent":null}]},{"code":505,"indent":0,"parameters":[{"code":1,"indent":null}]},{"code":505,"indent":0,"parameters":[{"code":39,"indent":null}]},{"code":205,"indent":0,"parameters":[5,{"list":[{"code":2,"indent":null},{"code":2,"indent":null},{"code":2,"indent":null},{"code":1,"indent":null},{"code":1,"indent":null},{"code":1,"indent":null},{"code":37,"indent":null},{"code":39,"indent":null},{"code":0}],"repeat":false,"skippable":false,"wait":true}]},{"code":505,"indent":0,"parameters":[{"code":2,"indent":null}]},{"code":505,"indent":0,"parameters":[{"code":2,"indent":null}]},{"code":505,"indent":0,"parameters":[{"code":2,"indent":null}]},{"code":505,"indent":0,"parameters":[{"code":1,"indent":null}]},{"code":505,"indent":0,"parameters":[{"code":1,"indent":null}]},{"code":505,"indent":0,"parameters":[{"code":1,"indent":null}]},{"code":505,"indent":0,"parameters":[{"code":37,"indent":null}]},{"code":505,"indent":0,"parameters":[{"code":39,"indent":null}]},{"code":221,"indent":0,"parameters":[]},{"code":211,"indent":0,"parameters":[0]},{"code":201,"indent":0,"parameters":[0,14,10,16,0,0]},{"code":230,"indent":0,"parameters":[60]},{"code":123,"indent":0,"parameters":["A",0]},{"code":0,"indent":0,"parameters":[]}],"moveFrequency":3,"moveRoute":{"list":[{"code":0,"parameters":[]}],"repeat":true,"skippable":false,"wait":false},"moveSpeed":3,"moveType":0,"priorityType":0,"stepAnime":false,"through":false,"trigger":3,"walkAnime":true},{"conditions":{"actorId":1,"actorValid":false,"itemId":1,"itemValid":false,"selfSwitchCh":"A","selfSwitchValid":true,"switch1Id":59,"switch1Valid":true,"switch2Id":1,"switch2Valid":false,"variableId":1,"variableValid":false,"variableValue":0},"directionFix":false,"image":{"characterIndex":0,"characterName":"","direction":2,"pattern":0,"tileId":0},"list":[{"code":211,"indent":0,"parameters":[1]},{"code":230,"indent":0,"parameters":[20]},{"code":222,"indent":0,"parameters":[]},{"code":357,"indent":0,"parameters":["VisuMZ_2_VNPictureBusts","Basic_EnterBust","BASIC: Enter Bust",{"PictureID:eval":"3","PictureName:str":"PizzaGuy_3","Origin:str":"Bust","Position:num":"3","StartOffsetX:eval":"-200","StartOffsetY:eval":"+0","EasingType:str":"OutSine","HorzMirror:str":"Mirror","Duration:eval":"20"}]},{"code":657,"indent":0,"parameters":["Picture ID = 3"]},{"code":657,"indent":0,"parameters":["Picture File = PizzaGuy_3"]},{"code":657,"indent":0,"parameters":["Origin = Bust"]},{"code":657,"indent":0,"parameters":["Screen Position = 3"]},{"code":657,"indent":0,"parameters":["Start Offset X = -200"]},{"code":657,"indent":0,"parameters":["Start Offset Y = +0"]},{"code":657,"indent":0,"parameters":["Entrance Easing = OutSine"]},{"code":657,"indent":0,"parameters":["Horizontal Mirror = Mirror"]},{"code":657,"indent":0,"parameters":["Duration = 20"]},{"code":101,"indent":0,"parameters":["",0,0,2,""]},{"code":401,"indent":0,"parameters":["Jimmy: "]},{"code":401,"indent":0,"parameters":["You work fast, bro."]},{"code":357,"indent":0,"parameters":["VisuMZ_2_VNPictureBusts","Basic_EnterBust","BASIC: Enter Bust",{"PictureID:eval":"4","PictureName:str":"MC_8","Origin:str":"Bust","Position:num":"6","StartOffsetX:eval":"-200","StartOffsetY:eval":"+0","EasingType:str":"OutSine","HorzMirror:str":"Mirror","Duration:eval":"20"}]},{"code":657,"indent":0,"parameters":["Picture ID = 4"]},{"code":657,"indent":0,"parameters":["Picture File = MC_8"]},{"code":657,"indent":0,"parameters":["Origin = Bust"]},{"code":657,"indent":0,"parameters":["Screen Position = 6"]},{"code":657,"indent":0,"parameters":["Start Offset X = -200"]},{"code":657,"indent":0,"parameters":["Start Offset Y = +0"]},{"code":657,"indent":0,"parameters":["Entrance Easing = OutSine"]},{"code":657,"indent":0,"parameters":["Horizontal Mirror = Mirror"]},{"code":657,"indent":0,"parameters":["Duration = 20"]},{"code":101,"indent":0,"parameters":["",0,0,2,""]},{"code":401,"indent":0,"parameters":["\\N[001]:"]},{"code":401,"indent":0,"parameters":["Huh?"]},{"code":101,"indent":0,"parameters":["",0,0,2,""]},{"code":401,"indent":0,"parameters":["Jimmy: "]},{"code":401,"indent":0,"parameters":["That hot piece I saw at your house AND The Freeman sisters? "]},{"code":401,"indent":0,"parameters":["Word to the wise, tread carefully. Papa Freeman is fire and "]},{"code":401,"indent":0,"parameters":["brimstone, you feel me?"]},{"code":101,"indent":0,"parameters":["",0,0,2,""]},{"code":401,"indent":0,"parameters":["\\N[001]:"]},{"code":401,"indent":0,"parameters":["I kind of got that vibe, yeah. So you know them?"]},{"code":101,"indent":0,"parameters":["",0,0,2,""]},{"code":401,"indent":0,"parameters":["Jimmy: "]},{"code":401,"indent":0,"parameters":["Couple years now, good people. Don’t see the mom around too "]},{"code":401,"indent":0,"parameters":["much these days. Not sure what’s going on there, but that’s "]},{"code":401,"indent":0,"parameters":["none of my business. "]},{"code":101,"indent":0,"parameters":["",0,0,2,""]},{"code":401,"indent":0,"parameters":["Jimmy:"]},{"code":401,"indent":0,"parameters":["But if you want to get in good with the dad, "]},{"code":401,"indent":0,"parameters":["showing responsibility may be your best bet."]},{"code":111,"indent":0,"parameters":[1,130,0,1,1]},{"code":205,"indent":1,"parameters":[-1,{"list":[{"code":38,"indent":null},{"code":0}],"repeat":false,"skippable":false,"wait":true}]},{"code":505,"indent":1,"parameters":[{"code":38,"indent":null}]},{"code":357,"indent":1,"parameters":["VisuMZ_2_VNPictureBusts","Basic_ExitBusts","BASIC: Exit Bust(s)",{"PictureID:arrayeval":"[\"1\",\"2\",\"3\",\"4\",\"5\"]","EndOffsetX:eval":"-200","EndOffsetY:eval":"+0","EasingType:str":"InSine","FlipDirection:str":"None","Duration:eval":"20","AutoErase:eval":"true"}]},{"code":657,"indent":1,"parameters":["Picture ID(s) = [\"1\",\"2\",\"3\",\"4\",\"5\"]"]},{"code":657,"indent":1,"parameters":["End Offset X = -200"]},{"code":657,"indent":1,"parameters":["End Offset Y = +0"]},{"code":657,"indent":1,"parameters":["Exit Easing = InSine"]},{"code":657,"indent":1,"parameters":["Flip Direction = None"]},{"code":657,"indent":1,"parameters":["Duration = 20"]},{"code":657,"indent":1,"parameters":["Auto-Erase? = true"]},{"code":122,"indent":1,"parameters":[130,130,0,0,0]},{"code":122,"indent":1,"parameters":[81,81,0,1,82]},{"code":123,"indent":1,"parameters":["B",0]},{"code":201,"indent":1,"parameters":[0,29,5,9,2,0]},{"code":115,"indent":1,"parameters":[]},{"code":0,"indent":1,"parameters":[]},{"code":412,"indent":0,"parameters":[]},{"code":101,"indent":0,"parameters":["",0,0,2,""]},{"code":401,"indent":0,"parameters":["\\N[001]:"]},{"code":401,"indent":0,"parameters":["I’ll keep that in mind. But speaking of responsibility, "]},{"code":401,"indent":0,"parameters":["you said you guys are short staffed? I could use a job. "]},{"code":401,"indent":0,"parameters":["Do you think I could give it a try?"]},{"code":101,"indent":0,"parameters":["",0,0,2,""]},{"code":401,"indent":0,"parameters":["Jimmy: "]},{"code":401,"indent":0,"parameters":["Slinging pizza isn’t as easy as it looks, and pays less "]},{"code":401,"indent":0,"parameters":["than you’d want. BUT you are rewarded by giving people not "]},{"code":401,"indent":0,"parameters":["just pieces of pizza, but piece of mind, man."]},{"code":357,"indent":0,"parameters":["VisuMZ_2_VNPictureBusts","Basic_GraphicChange","BASIC: Graphic Change",{"PictureID:eval":"4","PictureName:str":"MC_1"}]},{"code":657,"indent":0,"parameters":["Picture ID = 4"]},{"code":657,"indent":0,"parameters":["Picture File = MC_1"]},{"code":101,"indent":0,"parameters":["",0,0,2,""]},{"code":401,"indent":0,"parameters":["\\N[001]:"]},{"code":401,"indent":0,"parameters":["... Okay. But it does pay though, right?"]},{"code":101,"indent":0,"parameters":["",0,0,2,""]},{"code":401,"indent":0,"parameters":["Jimmy: "]},{"code":401,"indent":0,"parameters":["Ch’ya it does. Tell you what, you do these rounds I just "]},{"code":401,"indent":0,"parameters":["penciled in, do well, and maybe this could be a part time "]},{"code":401,"indent":0,"parameters":["thing for you. Still interested?"]},{"code":357,"indent":0,"parameters":["VisuMZ_2_VNPictureBusts","Basic_GraphicChange","BASIC: Graphic Change",{"PictureID:eval":"4","PictureName:str":"MC_2"}]},{"code":657,"indent":0,"parameters":["Picture ID = 4"]},{"code":657,"indent":0,"parameters":["Picture File = MC_2"]},{"code":101,"indent":0,"parameters":["",0,0,2,""]},{"code":401,"indent":0,"parameters":["\\N[001]:"]},{"code":401,"indent":0,"parameters":["What the hell, I’m in. "]},{"code":357,"indent":0,"parameters":["VisuMZ_2_VNPictureBusts","Basic_ExitBusts","BASIC: Exit Bust(s)",{"PictureID:arrayeval":"[\"3\",\"4\"]","EndOffsetX:eval":"-200","EndOffsetY:eval":"+0","EasingType:str":"InSine","FlipDirection:str":"None","Duration:eval":"20","AutoErase:eval":"true"}]},{"code":657,"indent":0,"parameters":["Picture ID(s) = [\"3\",\"4\"]"]},{"code":657,"indent":0,"parameters":["End Offset X = -200"]},{"code":657,"indent":0,"parameters":["End Offset Y = +0"]},{"code":657,"indent":0,"parameters":["Exit Easing = InSine"]},{"code":657,"indent":0,"parameters":["Flip Direction = None"]},{"code":657,"indent":0,"parameters":["Duration = 20"]},{"code":657,"indent":0,"parameters":["Auto-Erase? = true"]},{"code":205,"indent":0,"parameters":[3,{"list":[{"code":37,"indent":null},{"code":4,"indent":null},{"code":18,"indent":null},{"code":15,"parameters":[60],"indent":null},{"code":1,"indent":null},{"code":17,"indent":null},{"code":0}],"repeat":false,"skippable":false,"wait":true}]},{"code":505,"indent":0,"parameters":[{"code":37,"indent":null}]},{"code":505,"indent":0,"parameters":[{"code":4,"indent":null}]},{"code":505,"indent":0,"parameters":[{"code":18,"indent":null}]},{"code":505,"indent":0,"parameters":[{"code":15,"parameters":[60],"indent":null}]},{"code":505,"indent":0,"parameters":[{"code":1,"indent":null}]},{"code":505,"indent":0,"parameters":[{"code":17,"indent":null}]},{"code":101,"indent":0,"parameters":["",0,0,2,""]},{"code":401,"indent":0,"parameters":["Jimmy: "]},{"code":401,"indent":0,"parameters":["Righteous. Here’s the address, and the hot pie for ya. "]},{"code":121,"indent":0,"parameters":[60,60,0]},{"code":122,"indent":0,"parameters":[67,67,0,0,6]},{"code":121,"indent":0,"parameters":[59,59,1]},{"code":101,"indent":0,"parameters":["",0,0,2,""]},{"code":401,"indent":0,"parameters":["Jimmy:"]},{"code":401,"indent":0,"parameters":["Make sure to get it to the place on time, dude!"]},{"code":205,"indent":0,"parameters":[-1,{"list":[{"code":38,"indent":null},{"code":29,"parameters":[4],"indent":null},{"code":0}],"repeat":false,"skippable":false,"wait":true}]},{"code":505,"indent":0,"parameters":[{"code":38,"indent":null}]},{"code":505,"indent":0,"parameters":[{"code":29,"parameters":[4],"indent":null}]},{"code":122,"indent":0,"parameters":[66,66,0,0,1]},{"code":230,"indent":0,"parameters":[30]},{"code":101,"indent":0,"parameters":["",0,0,1,""]},{"code":401,"indent":0,"parameters":["Deliver the pizza to the Vesper Heights Apartments"]},{"code":401,"indent":0,"parameters":["in Midtown!"]},{"code":123,"indent":0,"parameters":["B",0]},{"code":0,"indent":0,"parameters":[]}],"moveFrequency":3,"moveRoute":{"list":[{"code":0,"parameters":[]}],"repeat":true,"skippable":false,"wait":false},"moveSpeed":3,"moveType":0,"priorityType":0,"stepAnime":false,"through":false,"trigger":3,"walkAnime":true},{"conditions":{"actorId":1,"actorValid":false,"itemId":1,"itemValid":false,"selfSwitchCh":"B","selfSwitchValid":true,"switch1Id":1,"switch1Valid":false,"switch2Id":1,"switch2Valid":false,"variableId":1,"variableValid":false,"variableValue":0},"directionFix":false,"image":{"characterIndex":0,"characterName":"","direction":2,"pattern":0,"tileId":0},"list":[{"code":0,"indent":0,"parameters":[]}],"moveFrequency":3,"moveRoute":{"list":[{"code":0,"parameters":[]}],"repeat":true,"skippable":false,"wait":false},"moveSpeed":3,"moveType":0,"priorityType":0,"stepAnime":false,"through":false,"trigger":0,"walkAnime":true}],"x":21,"y":0},
{"id":7,"name":"Pizza Job","note":"","pages":[{"conditions":{"actorId":1,"actorValid":false,"itemId":1,"itemValid":false,"selfSwitchCh":"A","selfSwitchValid":false,"switch1Id":60,"switch1Valid":false,"switch2Id":1,"switch2Valid":false,"variableId":1,"variableValid":false,"variableValue":0},"directionFix":true,"image":{"tileId":0,"characterName":"","direction":8,"pattern":0,"characterIndex":7},"list":[{"code":101,"indent":0,"parameters":["",0,0,2,""]},{"code":401,"indent":0,"parameters":["Jimmy:"]},{"code":401,"indent":0,"parameters":["Yo what's up brah, you here for a delicious pie?"]},{"code":101,"indent":0,"parameters":["",0,0,2,""]},{"code":401,"indent":0,"parameters":["\\N[001]:"]},{"code":401,"indent":0,"parameters":["Nah... I'm good."]},{"code":0,"indent":0,"parameters":[]}],"moveFrequency":3,"moveRoute":{"list":[{"code":0,"parameters":[]}],"repeat":true,"skippable":false,"wait":false},"moveSpeed":3,"moveType":0,"priorityType":0,"stepAnime":true,"through":false,"trigger":0,"walkAnime":false},{"conditions":{"actorId":1,"actorValid":false,"itemId":1,"itemValid":false,"selfSwitchCh":"A","selfSwitchValid":false,"switch1Id":60,"switch1Valid":true,"switch2Id":1,"switch2Valid":false,"variableId":1,"variableValid":false,"variableValue":0},"directionFix":true,"image":{"tileId":0,"characterName":"!Flame2","direction":8,"pattern":0,"characterIndex":7},"list":[{"code":111,"indent":0,"parameters":[1,66,0,0,0]},{"code":101,"indent":1,"parameters":["",0,0,2,""]},{"code":401,"indent":1,"parameters":["Deliver Pizza?"]},{"code":102,"indent":1,"parameters":[["Yes","No"],1,0,2,0]},{"code":402,"indent":1,"parameters":[0,"Yes"]},{"code":101,"indent":2,"parameters":["",0,0,2,""]},{"code":401,"indent":2,"parameters":["Jimmy:"]},{"code":401,"indent":2,"parameters":["Here's your pizza, make sure to get it to the place"]},{"code":401,"indent":2,"parameters":["on time dude!"]},{"code":122,"indent":2,"parameters":[67,67,0,2,1,5]},{"code":111,"indent":2,"parameters":[1,67,0,1,0]},{"code":101,"indent":3,"parameters":["",0,0,1,""]},{"code":401,"indent":3,"parameters":["Deliver the pizza to the LUXE Apartments in Midtown!"]},{"code":0,"indent":3,"parameters":[]},{"code":412,"indent":2,"parameters":[]},{"code":111,"indent":2,"parameters":[1,67,0,2,0]},{"code":101,"indent":3,"parameters":["",0,0,1,""]},{"code":401,"indent":3,"parameters":["Deliver the pizza to the house with the red roof and"]},{"code":401,"indent":3,"parameters":["swing set in the front yard in the Neighborhood!"]},{"code":0,"indent":3,"parameters":[]},{"code":412,"indent":2,"parameters":[]},{"code":111,"indent":2,"parameters":[1,67,0,3,0]},{"code":101,"indent":3,"parameters":["",0,0,1,""]},{"code":401,"indent":3,"parameters":["Deliver the pizza to the house with the Blue roof"]},{"code":401,"indent":3,"parameters":["and Flower Bed in front in the Neighborhood!"]},{"code":0,"indent":3,"parameters":[]},{"code":412,"indent":2,"parameters":[]},{"code":111,"indent":2,"parameters":[1,67,0,4,0]},{"code":101,"indent":3,"parameters":["",0,0,1,""]},{"code":401,"indent":3,"parameters":["Deliver the pizza to the tall White apartments "]},{"code":401,"indent":3,"parameters":["on Central Boulevard!"]},{"code":0,"indent":3,"parameters":[]},{"code":412,"indent":2,"parameters":[]},{"code":111,"indent":2,"parameters":[1,67,0,5,0]},{"code":101,"indent":3,"parameters":["",0,0,1,""]},{"code":401,"indent":3,"parameters":["Deliver the pizza to the Pillow Princess Inn on Westside!"]},{"code":0,"indent":3,"parameters":[]},{"code":412,"indent":2,"parameters":[]},{"code":0,"indent":2,"parameters":[]},{"code":402,"indent":1,"parameters":[1,"No"]},{"code":0,"indent":2,"parameters":[]},{"code":404,"indent":1,"parameters":[]},{"code":0,"indent":1,"parameters":[]},{"code":411,"indent":0,"parameters":[]},{"code":111,"indent":1,"parameters":[1,66,0,1,0]},{"code":101,"indent":2,"parameters":["",0,0,2,""]},{"code":401,"indent":2,"parameters":["Jimmy:"]},{"code":401,"indent":2,"parameters":["Better get on that delivery, "]},{"code":401,"indent":2,"parameters":["little dude, pie's gettin cold!"]},{"code":111,"indent":2,"parameters":[1,67,0,1,0]},{"code":101,"indent":3,"parameters":["",0,0,1,""]},{"code":401,"indent":3,"parameters":["Deliver the pizza to the LUXE Apartments in Midtown!"]},{"code":0,"indent":3,"parameters":[]},{"code":412,"indent":2,"parameters":[]},{"code":111,"indent":2,"parameters":[1,67,0,2,0]},{"code":101,"indent":3,"parameters":["",0,0,1,""]},{"code":401,"indent":3,"parameters":["Deliver the pizza to the house with the red roof and"]},{"code":401,"indent":3,"parameters":["swing set in the front yard in the Neighborhood!"]},{"code":0,"indent":3,"parameters":[]},{"code":412,"indent":2,"parameters":[]},{"code":111,"indent":2,"parameters":[1,67,0,3,0]},{"code":101,"indent":3,"parameters":["",0,0,1,""]},{"code":401,"indent":3,"parameters":["Deliver the pizza to the house with the BLue roof"]},{"code":401,"indent":3,"parameters":["and Flower Bed in front in the Neighborhood!"]},{"code":0,"indent":3,"parameters":[]},{"code":412,"indent":2,"parameters":[]},{"code":111,"indent":2,"parameters":[1,67,0,4,0]},{"code":101,"indent":3,"parameters":["",0,0,1,""]},{"code":401,"indent":3,"parameters":["Deliver the pizza to the tall White apartments "]},{"code":401,"indent":3,"parameters":["on Central Boulevard!"]},{"code":0,"indent":3,"parameters":[]},{"code":412,"indent":2,"parameters":[]},{"code":111,"indent":2,"parameters":[1,67,0,5,0]},{"code":101,"indent":3,"parameters":["",0,0,1,""]},{"code":401,"indent":3,"parameters":["Deliver the pizza to the Sleep Sound Hotel on West"]},{"code":401,"indent":3,"parameters":["Central Avenue!"]},{"code":0,"indent":3,"parameters":[]},{"code":412,"indent":2,"parameters":[]},{"code":111,"indent":2,"parameters":[1,67,0,6,0]},{"code":101,"indent":3,"parameters":["",0,0,1,""]},{"code":401,"indent":3,"parameters":["Deliver the pizza to the Vesper Heights Apartments"]},{"code":401,"indent":3,"parameters":["in Midtown!"]},{"code":0,"indent":3,"parameters":[]},{"code":412,"indent":2,"parameters":[]},{"code":0,"indent":2,"parameters":[]},{"code":411,"indent":1,"parameters":[]},{"code":111,"indent":2,"parameters":[1,66,0,2,0]},{"code":101,"indent":3,"parameters":["",0,0,2,""]},{"code":401,"indent":3,"parameters":["Jimmy:"]},{"code":401,"indent":3,"parameters":["Nicely done Delivery Dude, here is your much-earned reward!"]},{"code":101,"indent":3,"parameters":["",0,0,1,""]},{"code":401,"indent":3,"parameters":["+$25!"]},{"code":125,"indent":3,"parameters":[0,0,25]},{"code":122,"indent":3,"parameters":[66,66,0,0,0]},{"code":0,"indent":3,"parameters":[]},{"code":412,"indent":2,"parameters":[]},{"code":0,"indent":2,"parameters":[]},{"code":412,"indent":1,"parameters":[]},{"code":0,"indent":1,"parameters":[]},{"code":412,"indent":0,"parameters":[]},{"code":0,"indent":0,"parameters":[]}],"moveFrequency":3,"moveRoute":{"list":[{"code":0,"parameters":[]}],"repeat":true,"skippable":false,"wait":false},"moveSpeed":3,"moveType":0,"priorityType":1,"stepAnime":true,"through":false,"trigger":0,"walkAnime":false}],"x":15,"y":9},
{"id":8,"name":"Freeman's Dance","note":"","pages":[{"conditions":{"actorId":1,"actorValid":false,"itemId":1,"itemValid":false,"selfSwitchCh":"A","selfSwitchValid":false,"switch1Id":62,"switch1Valid":true,"switch2Id":1,"switch2Valid":false,"variableId":15,"variableValid":true,"variableValue":1},"directionFix":false,"image":{"characterIndex":0,"characterName":"","direction":2,"pattern":0,"tileId":0},"list":[{"code":112,"indent":0,"parameters":[]},{"code":231,"indent":1,"parameters":[13,"CwtF/Freemans Twerk_0001",0,0,0,0,100,100,255,0]},{"code":230,"indent":1,"parameters":[7]},{"code":231,"indent":1,"parameters":[13,"CwtF/Freemans Twerk_0002",0,0,0,0,100,100,255,0]},{"code":230,"indent":1,"parameters":[7]},{"code":231,"indent":1,"parameters":[13,"CwtF/Freemans Twerk_0003",0,0,0,0,100,100,255,0]},{"code":230,"indent":1,"parameters":[7]},{"code":231,"indent":1,"parameters":[13,"CwtF/Freemans Twerk_0004",0,0,0,0,100,100,255,0]},{"code":230,"indent":1,"parameters":[7]},{"code":231,"indent":1,"parameters":[13,"CwtF/Freemans Twerk_0005",0,0,0,0,100,100,255,0]},{"code":230,"indent":1,"parameters":[7]},{"code":0,"indent":1,"parameters":[]},{"code":413,"indent":0,"parameters":[]},{"code":0,"indent":0,"parameters":[]}],"moveFrequency":3,"moveRoute":{"list":[{"code":0,"parameters":[]}],"repeat":true,"skippable":false,"wait":false},"moveSpeed":3,"moveType":0,"priorityType":0,"stepAnime":false,"through":false,"trigger":4,"walkAnime":true}],"x":21,"y":1}
]
}