[
null,
{"id":1,"expanded":true,"name":"MAP001","order":1,"parentId":0,"scrollX":811,"scrollY":461.5},
{"id":2,"expanded":true,"name":"MC_Apartment","order":3,"parentId":0,"scrollX":811,"scrollY":461.5},
{"id":3,"expanded":true,"name":"MC Apartment Exterior Entry","order":5,"parentId":0,"scrollX":811,"scrollY":461.5},
{"id":4,"expanded":true,"name":"MC Apartment Exterior Street","order":6,"parentId":3,"scrollX":811,"scrollY":461.5},
{"id":5,"expanded":true,"name":"Market Street - 2","order":9,"parentId":0,"scrollX":820,"scrollY":461.5},
{"id":6,"expanded":false,"name":"Tech Works","order":10,"parentId":5,"scrollX":819,"scrollY":453.5},
{"id":7,"expanded":true,"name":"Park","order":12,"parentId":0,"scrollX":842,"scrollY":694.5},
{"id":8,"expanded":true,"name":"Market Street - 1","order":13,"parentId":0,"scrollX":860,"scrollY":501.5},
{"id":9,"expanded":true,"name":"Parents house - 1st Floor","order":18,"parentId":0,"scrollX":819,"scrollY":546.5},
{"id":10,"expanded":true,"name":"Parents house - 2nd Floor","order":19,"parentId":9,"scrollX":819,"scrollY":547.5},
{"id":11,"expanded":true,"name":"Hospital","order":21,"parentId":0,"scrollX":970,"scrollY":461.5},
{"id":12,"expanded":true,"name":"School","order":32,"parentId":0,"scrollX":958,"scrollY":1086.5},
{"id":13,"expanded":true,"name":"Hotels and Apartments","order":41,"parentId":0,"scrollX":811,"scrollY":453.5},
{"id":14,"expanded":false,"name":"Pool","order":46,"parentId":0,"scrollX":658,"scrollY":502},
{"id":15,"expanded":true,"name":"Downtown","order":54,"parentId":0,"scrollX":1053,"scrollY":461.5},
{"id":16,"expanded":true,"name":"Midtown","order":57,"parentId":0,"scrollX":811,"scrollY":461.5},
{"id":17,"expanded":true,"name":"Neighborhood","order":60,"parentId":0,"scrollX":2925,"scrollY":912.5},
{"id":18,"expanded":false,"name":"Phone Menu","order":64,"parentId":0,"scrollX":811,"scrollY":461.5},
{"id":19,"expanded":true,"name":"HELLo love","order":65,"parentId":18,"scrollX":1147.3333333333333,"scrollY":817.3333333333334},
{"id":20,"expanded":true,"name":"HL_Leslie","order":66,"parentId":19,"scrollX":640,"scrollY":511.5},
{"id":21,"expanded":true,"name":"Mall","order":76,"parentId":0,"scrollX":819,"scrollY":510},
{"id":22,"expanded":true,"name":"Central Blvd","order":85,"parentId":0,"scrollX":1232,"scrollY":567.5},
{"id":23,"expanded":true,"name":"Dress Me Down","order":14,"parentId":8,"scrollX":811,"scrollY":461.5},
{"id":24,"expanded":true,"name":"Mall Interior_F1","order":77,"parentId":21,"scrollX":640,"scrollY":510},
{"id":25,"expanded":false,"name":"Mall Interior_F2","order":81,"parentId":21,"scrollX":1016,"scrollY":511.5},
{"id":26,"expanded":false,"name":"Book Store","order":78,"parentId":24,"scrollX":811,"scrollY":461.5},
{"id":27,"expanded":false,"name":"Gun Store","order":79,"parentId":24,"scrollX":0,"scrollY":0},
{"id":28,"expanded":false,"name":"Sal's Market","order":16,"parentId":8,"scrollX":811,"scrollY":461.5},
{"id":29,"expanded":false,"name":"Scene Replay ","order":92,"parentId":0,"scrollX":811,"scrollY":461.5},
{"id":30,"expanded":true,"name":"School Main Hall","order":33,"parentId":12,"scrollX":864,"scrollY":1180},
{"id":31,"expanded":false,"name":"School Entry","order":35,"parentId":12,"scrollX":811,"scrollY":612.5},
{"id":32,"expanded":false,"name":"School Auditorium","order":36,"parentId":12,"scrollX":811,"scrollY":813.5},
{"id":33,"expanded":true,"name":"Church","order":7,"parentId":4,"scrollX":819,"scrollY":570.5},
{"id":34,"expanded":false,"name":"World Map","order":93,"parentId":0,"scrollX":640,"scrollY":501.5},
{"id":35,"expanded":false,"name":"School Library","order":37,"parentId":12,"scrollX":811,"scrollY":498.5},
{"id":36,"expanded":true,"name":"HELLo love pg2","order":71,"parentId":19,"scrollX":904.8,"scrollY":711},
{"id":37,"expanded":true,"name":"Hospital Lobby","order":22,"parentId":11,"scrollX":819,"scrollY":484.5},
{"id":38,"expanded":true,"name":"Maternity Wing","order":24,"parentId":11,"scrollX":811,"scrollY":461.5},
{"id":39,"expanded":true,"name":"Exam Room","order":28,"parentId":11,"scrollX":640,"scrollY":502},
{"id":40,"expanded":false,"name":"Faust Office","order":30,"parentId":11,"scrollX":640,"scrollY":508},
{"id":41,"expanded":false,"name":"Research Wing","order":27,"parentId":11,"scrollX":811,"scrollY":461.5},
{"id":42,"expanded":false,"name":"Pizza Lobby","order":47,"parentId":14,"scrollX":819,"scrollY":453.5},
{"id":43,"expanded":true,"name":"Police Lobby","order":86,"parentId":22,"scrollX":792,"scrollY":509.5},
{"id":44,"expanded":false,"name":"Police Chief Office","order":87,"parentId":43,"scrollX":637.7777777777778,"scrollY":559.1111111111111},
{"id":45,"expanded":true,"name":"Beach","order":94,"parentId":0,"scrollX":811,"scrollY":461.5},
{"id":46,"expanded":false,"name":"Therapist Office","order":31,"parentId":11,"scrollX":892,"scrollY":823.3333333333334},
{"id":47,"expanded":false,"name":"Comic Shop","order":84,"parentId":21,"scrollX":688,"scrollY":502},
{"id":48,"expanded":false,"name":"Grocery","order":11,"parentId":5,"scrollX":899.4,"scrollY":627.6},
{"id":49,"expanded":false,"name":"Gym","order":17,"parentId":8,"scrollX":819,"scrollY":498.5},
{"id":50,"expanded":false,"name":"Angelina Apartment","order":58,"parentId":16,"scrollX":811,"scrollY":461.5},
{"id":51,"expanded":false,"name":"Secret Garden","order":38,"parentId":12,"scrollX":811,"scrollY":461.5},
{"id":52,"expanded":false,"name":"Nursery","order":25,"parentId":38,"scrollX":811,"scrollY":461.5},
{"id":53,"expanded":true,"name":"Cave","order":39,"parentId":51,"scrollX":1036.8,"scrollY":710.4},
{"id":54,"expanded":true,"name":"HL_Cassie","order":67,"parentId":20,"scrollX":0,"scrollY":0},
{"id":55,"expanded":true,"name":"HL_Ashley","order":68,"parentId":20,"scrollX":0,"scrollY":0},
{"id":56,"expanded":true,"name":"HL_Brenda","order":69,"parentId":20,"scrollX":1136.6666666666667,"scrollY":828},
{"id":57,"expanded":true,"name":"HL_Arianna","order":72,"parentId":36,"scrollX":0,"scrollY":0},
{"id":58,"expanded":true,"name":"HexRated F1","order":88,"parentId":22,"scrollX":1136.6666666666667,"scrollY":817.3333333333334},
{"id":59,"expanded":false,"name":"HexRated F2","order":89,"parentId":58,"scrollX":819,"scrollY":498.5},
{"id":60,"expanded":false,"name":"Graveyard","order":48,"parentId":14,"scrollX":816,"scrollY":640},
{"id":61,"expanded":true,"name":"Forest Entrance","order":49,"parentId":14,"scrollX":819,"scrollY":498.5},
{"id":62,"expanded":true,"name":"ForestPath","order":50,"parentId":61,"scrollX":811,"scrollY":453.5},
{"id":63,"expanded":false,"name":"Lake","order":51,"parentId":62,"scrollX":811,"scrollY":461.5},
{"id":64,"expanded":false,"name":"Cabin","order":53,"parentId":61,"scrollX":648,"scrollY":501.5},
{"id":65,"expanded":false,"name":"Church Roof","order":8,"parentId":33,"scrollX":811,"scrollY":461.5},
{"id":66,"expanded":false,"name":"DressMeDown_Office","order":15,"parentId":23,"scrollX":819,"scrollY":453.5},
{"id":67,"expanded":false,"name":"Cup A Feel","order":42,"parentId":13,"scrollX":811,"scrollY":453.5},
{"id":68,"expanded":false,"name":"SerpentsSway","order":55,"parentId":15,"scrollX":819,"scrollY":498.5},
{"id":69,"expanded":false,"name":"Ysabella Fountain","order":40,"parentId":53,"scrollX":1028.3999999999999,"scrollY":758.4},
{"id":70,"expanded":true,"name":"Hell","order":101,"parentId":0,"scrollX":1147,"scrollY":1545.5},
{"id":71,"expanded":false,"name":"Diablo Burger","order":90,"parentId":22,"scrollX":811,"scrollY":453.5},
{"id":72,"expanded":false,"name":"Cassie Apartment","order":43,"parentId":13,"scrollX":640,"scrollY":500.5},
{"id":73,"expanded":false,"name":"Demon Lair","order":102,"parentId":70,"scrollX":819,"scrollY":1321.5},
{"id":74,"expanded":false,"name":"White Oak","order":52,"parentId":62,"scrollX":811,"scrollY":461.5},
{"id":75,"expanded":true,"name":"@SPAWN_MAP","order":103,"parentId":0,"scrollX":819,"scrollY":498.5},
{"id":76,"expanded":false,"name":"Candy Store","order":80,"parentId":24,"scrollX":640,"scrollY":501.5},
{"id":77,"expanded":false,"name":"Leslie Office","order":23,"parentId":37,"scrollX":640,"scrollY":508},
{"id":78,"expanded":true,"name":"Collins Backyard","order":61,"parentId":17,"scrollX":811,"scrollY":453.5},
{"id":79,"expanded":false,"name":"Parent's house - Backyard","order":20,"parentId":9,"scrollX":811,"scrollY":498.5},
{"id":80,"expanded":true,"name":"HL_Sabrina","order":73,"parentId":57,"scrollX":1440.75,"scrollY":948.75},
{"id":81,"expanded":true,"name":"Collins Mansion Interior","order":62,"parentId":78,"scrollX":811,"scrollY":498.5},
{"id":82,"expanded":false,"name":"Candy Master Bedroom","order":63,"parentId":81,"scrollX":819,"scrollY":498.5},
{"id":83,"expanded":false,"name":"Dolly Apartment","order":26,"parentId":38,"scrollX":819,"scrollY":594.5},
{"id":84,"expanded":false,"name":"MAP084","order":104,"parentId":75,"scrollX":811,"scrollY":453.5},
{"id":85,"expanded":true,"name":"MC_Apartment_2","order":4,"parentId":2,"scrollX":819,"scrollY":599.5},
{"id":86,"expanded":false,"name":" Brenda Apartment","order":59,"parentId":16,"scrollX":640,"scrollY":698.5,"quick":false},
{"id":87,"expanded":false,"name":"HotPot Restaurant","order":91,"parentId":22,"scrollX":1018,"scrollY":498.5,"quick":false},
{"id":88,"expanded":false,"name":"Boat_Pirate","order":95,"parentId":45,"scrollX":811,"scrollY":533.5,"quick":false},
{"id":89,"expanded":true,"name":"Beach Boardwalk","order":96,"parentId":45,"scrollX":819,"scrollY":870.5,"quick":false},
{"id":90,"expanded":false,"name":"Undersea","order":99,"parentId":45,"scrollX":1088,"scrollY":800.5,"quick":false},
{"id":91,"expanded":false,"name":"Beach Shower","order":100,"parentId":45,"scrollX":832,"scrollY":506.5,"quick":false},
{"id":92,"expanded":true,"name":"Theater Lobby","order":82,"parentId":25,"scrollX":987.3333333333334,"scrollY":828,"quick":false},
{"id":93,"expanded":false,"name":"Theater","order":83,"parentId":92,"scrollX":988,"scrollY":812.6666666666666,"quick":false},
{"id":94,"expanded":false,"name":"Exam Hallway","order":29,"parentId":39,"scrollX":832,"scrollY":930,"quick":false},
{"id":95,"expanded":false,"name":"School Main Hall - Replay","order":34,"parentId":30,"scrollX":869,"scrollY":882.5},
{"id":96,"expanded":false,"name":"Debug_Room","order":2,"parentId":0,"scrollX":811,"scrollY":453.5},
{"id":97,"expanded":false,"name":"La Sirene Interior","order":97,"parentId":89,"scrollX":811,"scrollY":575.5,"quick":false},
{"id":98,"expanded":false,"name":"La Sirene Parking Lot","order":98,"parentId":89,"scrollX":819,"scrollY":509.5,"quick":false},
{"id":99,"expanded":false,"name":"Pillow Princess Lounge","order":44,"parentId":13,"scrollX":819,"scrollY":498.5,"quick":false},
{"id":100,"expanded":false,"name":"BAR Interior","order":56,"parentId":15,"scrollX":819,"scrollY":594.5,"quick":false},
{"id":101,"expanded":false,"name":"Leslie Hotel Room","order":45,"parentId":13,"scrollX":819,"scrollY":498.5,"quick":false},
{"id":102,"expanded":true,"name":"HL_Brandy","order":70,"parentId":20,"scrollX":0,"scrollY":0},
{"id":103,"expanded":true,"name":"HL_Sifa","order":74,"parentId":36,"scrollX":0,"scrollY":0},
{"id":104,"expanded":true,"name":"HL_Sofia","order":75,"parentId":36,"scrollX":640,"scrollY":501.5}
]