[
null,
{"id":1,"animationId":131,"description":"A rune-marked fraternity paddle that's been\nmagically enhanced to whomp demon ass.","etypeId":1,"traits":[{"code":31,"dataId":1,"value":0},{"code":22,"dataId":0,"value":0.01}],"iconIndex":258,"name":"Paddle","note":"<ssImg:skillSlotIcon_Sword>\n<xAnimaSet:Sword>","params":[0,0,10,0,0,0,0,0],"price":0,"wtypeId":2},
{"id":2,"animationId":0,"description":"","etypeId":1,"traits":[{"code":31,"dataId":1,"value":0},{"code":22,"dataId":0,"value":0}],"iconIndex":288,"name":"Fireball","note":"","params":[0,0,0,0,0,0,0,0],"price":0,"wtypeId":9}
]