{"Battle":1,"Data":[{"HUD":[{"Addons":[],"Animations":[],"Children":[{"Addons":[{"ClickType":1,"Code":"// Open the main menu\nSceneManager.push(Scene_Menu)","Type":3}],"Animations":[],"Children":[],"CustomProperties":{},"ID":106,"Name":"Menu (Hamburger)","Note":"","Opacity":1,"PictureData":{"Picture":"UI/UI_Menu"},"Rotation":0,"ScaleX":0.8,"ScaleY":0.8,"Type":2,"X":505,"Y":-328},{"Addons":[],"Animations":[],"Children":[],"CustomProperties":{},"ID":69,"Name":"Money","Note":"","Opacity":1,"Rotation":0,"ScaleX":1,"ScaleY":1,"TextData":{"Alignment":0,"Color":"#ffffff","FontFamily":"badaga.ttf","FontSize":30,"MaxWidth":200,"OutlineColor":"#000000","OutlineOpacity":100,"OutlineSize":4,"Text":{"Code":"return \"MONEY: $\" + $gameParty.gold();","Display":"Money: $12345","Type":7}},"Type":0,"X":250,"Y":-341},{"Addons":[{"ClickType":0,"ID":15,"Type":3}],"Animations":[],"Conditions":[{"ID":24,"Type":0,"Value":true}],"CustomProperties":{},"ID":95,"Name":"Phone","Note":"","Opacity":1,"PictureData":{"Picture":"UI/0_PHONEicon"},"Rotation":0,"ScaleX":1,"ScaleY":1,"Type":2,"X":434,"Y":-330},{"Addons":[{"ClickType":0,"ID":16,"Type":3}],"Animations":[],"Children":[],"Conditions":[{"ID":24,"Type":0,"Value":true}],"CustomProperties":{},"ID":96,"Name":"Map","Note":"","Opacity":1,"PictureData":{"Picture":"UI/UI_Map"},"Rotation":0,"ScaleX":1,"ScaleY":1,"Type":2,"X":-489,"Y":-328},{"Addons":[],"Animations":[],"Children":[{"Addons":[],"Animations":[],"Children":[],"CustomProperties":{},"ID":102,"Name":"Time","Note":"","Opacity":1,"Rotation":0,"ScaleX":1,"ScaleY":1,"TextData":{"Alignment":1,"Color":"#ffffff","FontFamily":"","FontSize":30,"MaxWidth":200,"OutlineColor":"#000000","OutlineOpacity":100,"OutlineSize":4,"Text":{"Code":"// Get the hours and format them to 12 hour clock\nhours = $gameVariables.value(81) % 12 || 12; // If the result is 0 then use 12\ntimeSuffix = $gameVariables.value(81) < 12 ? \"AM\" : \"PM\";\n\nreturn hours + \":00 \" + timeSuffix;","Display":"00:00 AM","Type":7}},"Type":0,"X":116,"Y":-84},{"Addons":[],"Animations":[],"Children":[],"CustomProperties":{},"ID":103,"Name":"TimeOfDay Icon","Note":"","Opacity":1,"PictureData":{"Code":"// Get the time (hour)\ntime = $gameVariables.value(81);\n\n// Determine the time period based on the hour\n// Handle night time first (21 to 3)\nif (time >= 20 || time <= 3) {\n  return \"img/pictures/UI/Time_Night_UI2.png\";\n}\nelse if (time <= 7)\n{\n\treturn \"img/pictures/UI/Time_Morning_UI2.png\";\n}\nelse if (time <= 16)\n{\n\treturn \"img/pictures/UI/Time_Day_UI2.png\";\n}\nelse\n{\n\treturn \"img/pictures/UI/Time_Evening_UI2.png\";\n}","Picture":"UI/Time_Night_UI2"},"Rotation":0,"ScaleX":1,"ScaleY":1,"Type":2,"X":21,"Y":-73},{"Addons":[],"Animations":[],"Children":[],"CustomProperties":{},"ID":104,"Name":"Weekday","Note":"","Opacity":1,"PictureData":{"Code":"// Get the current weekday\nweekday = $gameVariables.value(83);\n\n// Define the weekday names in the correct order\nconst weekdayNames = [\n  \"Sunday\",\n  \"Monday\",\n  \"Tuesday\",\n  \"Wednesday\",\n  \"Thursday\",\n  \"Friday\",\n  \"Saturday\"\n];\n\n// Construct and return the image filename based on the weekday\nreturn \"img/pictures/UI/Day_\" + weekdayNames[weekday - 1] + \"_UI.png\";","Picture":"UI/Day_Sunday_UI"},"Rotation":0,"ScaleX":0.7,"ScaleY":0.7,"Type":2,"X":-94,"Y":-83}],"Conditions":[{"ID":20,"Type":0,"Value":true}],"CustomProperties":{},"Expanded":true,"GroupData":{},"ID":98,"Name":"Clock/Week","Note":"","Opacity":1,"Rotation":0,"Type":6,"X":-276,"Y":-257}],"Conditions":[{"ID":25,"Type":0,"Value":false}],"CustomProperties":{},"Expanded":true,"GroupData":{},"ID":99,"Name":"Everything","Note":"","Opacity":1,"Rotation":0,"Type":6,"X":540,"Y":360},{"Addons":[{"ClickType":0,"ID":5,"Type":3}],"Animations":[],"Children":[],"Conditions":[{"ID":473,"Type":0,"Value":true}],"CustomProperties":{},"ID":105,"Name":"Exit FastTravel/Phone","Note":"","Opacity":1,"PictureData":{"Picture":"UI/UI_MapExit"},"Rotation":0,"ScaleX":1,"ScaleY":1,"Type":2,"X":59,"Y":48},{"Addons":[],"Animations":[],"Children":[{"Addons":[],"Animations":[],"CustomProperties":{},"ID":51,"Name":"Heart","Note":"","Opacity":1,"PictureData":{"Picture":"UI/$HELLoLOVEicon"},"Rotation":0,"ScaleX":0.520833,"ScaleY":0.520833,"Type":2,"X":-29,"Y":-53},{"Addons":[],"Animations":[],"CustomProperties":{},"ID":53,"Name":"Number of girls","Note":"","Opacity":1,"Rotation":0,"ScaleX":1,"ScaleY":1,"TextData":{"Alignment":1,"Color":"#ffffff","FontFamily":"badaga.ttf","FontSize":30,"MaxWidth":200,"OutlineColor":"#000000","OutlineOpacity":100,"OutlineSize":4,"Text":{"ID":99,"Type":3}},"Type":0,"X":21,"Y":-45}],"Conditions":[{"ID":9,"Op":3,"Type":1,"Value":1},{"ID":23,"Type":0,"Value":true},{"ID":85,"Op":0,"Type":1,"Value":4}],"CustomProperties":{},"Expanded":true,"GroupData":{},"ID":100,"Name":"HELLo Love","Note":"","Opacity":1,"Rotation":0,"Type":6,"X":641,"Y":175}]},{"HUD":[{"Addons":[],"Animations":[],"Children":[{"Addons":[],"Animations":[],"CustomProperties":{},"ID":2,"Name":"Battle HUD Text 1","Note":"","Opacity":1,"Rotation":0,"ScaleX":1,"ScaleY":1,"TextData":{"Alignment":1,"Color":"#ffffff","FontFamily":"","FontSize":24,"MaxWidth":325,"OutlineColor":"#000000","OutlineOpacity":100,"OutlineSize":3,"Text":{"Text":"This is the battle HUD!","Type":0}},"Type":0,"X":0,"Y":-13},{"Addons":[],"Animations":[],"Children":[],"CustomProperties":{},"ID":3,"Name":"Battle HUD Text 2","Note":"","Opacity":1,"Rotation":0,"ScaleX":1,"ScaleY":1,"TextData":{"Alignment":1,"Color":"#ffffff","FontFamily":"","FontSize":24,"MaxWidth":325,"OutlineColor":"#000000","OutlineOpacity":100,"OutlineSize":3,"Text":{"Text":"It will appear in battle.","Type":0}},"Type":0,"X":0,"Y":11}],"Expanded":true,"ID":12,"Name":"Window (ID 12)","Note":"","Opacity":1,"Rotation":0,"Type":7,"WindowData":{"BackgroundOpacity":75,"Height":82,"Margin":4,"Padding":12,"Width":340,"WindowSkin":"Window"},"X":408,"Y":268},{"Addons":[],"Animations":[],"Children":[{"Addons":[],"Animations":[],"CustomProperties":{},"ID":14,"Name":"Enemy Name","Note":"","Opacity":1,"Rotation":0,"ScaleX":1,"ScaleY":1,"TextData":{"Alignment":1,"Color":"#ffffff","FontFamily":"","FontSize":30,"MaxWidth":200,"OutlineColor":"#000000","OutlineOpacity":100,"OutlineSize":4,"Text":{"EnemyType":false,"Index":1,"Info":0,"Type":5}},"Type":0,"X":0,"Y":48},{"Addons":[],"Animations":[],"CustomProperties":{},"GaugeData":{"BackgroundColor":"#333333","Color1":"#a83493","Color2":"#7e2aa8","Height":12,"Maximum":{"EnemyType":false,"Index":1,"Info":6,"Type":5},"OutlineColor":"#000000","OutlineOpacity":100,"OutlineSize":1,"Smoothness":20,"SyncComponent":"Enemy Health Number","Value":{"EnemyType":false,"Index":1,"Info":1,"Type":5},"Width":354},"ID":11,"Name":"Enemy Health Gauge","Note":"","Opacity":1,"Rotation":0,"Type":4,"X":0,"Y":78},{"Addons":[],"Animations":[],"CustomProperties":{},"ID":10,"Name":"Enemy Health Number","Note":"","Opacity":1,"Rotation":0,"ScaleX":1,"ScaleY":1,"TextData":{"Alignment":2,"Color":"#ffffff","FontFamily":"","FontSize":20,"MaxWidth":100,"OutlineColor":"#000000","OutlineOpacity":100,"OutlineSize":3,"Text":{"EnemyType":false,"Index":1,"Info":1,"Type":5}},"Type":0,"X":119,"Y":69}],"Conditions":[{"Check":0,"Enemy":1,"EnemyType":false,"Type":3}],"CustomProperties":{},"Expanded":true,"GroupData":{},"ID":13,"Name":"Enemy Group","Note":"","Opacity":1,"Rotation":0,"Type":6,"X":408,"Y":25}]}],"IsPro":true,"Map":0}